Distance (in),Time (s),X (in),Y (in),Velocity (in/s),Orientation (deg),Way X (in),Way Y (in),Way Velocity (in/s),Way Orientation (deg)
0.0,0.0,165.02,163.28,60.0,0.0,165.02,163.28,60.0,0.0
1.0000000000000009,0.01666666666666668,166.01816359420394,163.34057589624507,60.0,0.0,224.67,166.9,60.0,0.0
2.0000000000000018,0.03333333333333336,167.01632718840787,163.40115179249014,60.0,0.0,223.47,240.0,84.0,0.0
3.0000000000000027,0.050000000000000044,168.0144907826118,163.4617276887352,60.0,0.0,235.52,163.28,84.0,0.0
4.0000000000000036,0.06666666666666672,169.01265437681573,163.52230358498028,60.0,0.0,254.2,140.99,84.0,0.0
5.000000000000004,0.0833333333333334,170.01081797101966,163.58287948122535,60.0,0.0,261.43,110.86,96.36878510776684,0.0
6.000000000000005,0.10000000000000007,171.0089815652236,163.64345537747042,60.0,0.0,290.95,101.82,107.28378373905731,0.0
7.000000000000006,0.11666666666666675,172.00714515942752,163.7040312737155,60.0,0.0,310.84,106.64,108.0,0.0
8.000000000000007,0.13333333333333344,173.00530875363145,163.76460716996056,60.0,0.0,304.21,166.9,126.60529748577899,0.0
9.000000000000007,0.15000000000000013,174.00347234783538,163.82518306620562,60.0,0.0,307.82,228.36,143.04421795362694,0.0
10.000000000000007,0.16666666666666682,175.00163594203931,163.8857589624507,60.0,0.0,324.69,230.77,144.0,0.0
11.000000000000007,0.18333333333333351,175.99979953624324,163.94633485869576,60.0,0.0,323.49,210.28,144.0,0.0
12.000000000000007,0.2000000000000002,176.99796313044718,164.00691075494083,60.0,0.0,321.68,130.74,144.0,0.0
13.000000000000007,0.2166666666666669,177.9961267246511,164.0674866511859,60.0,0.0,334.34,101.22,151.81782833781014,0.0
14.000000000000007,0.2333333333333336,178.99429031885504,164.12806254743097,60.0,0.0,380.13,97.0,162.35610343856524,0.0
15.000000000000007,0.2500000000000003,179.99245391305897,164.18863844367604,60.0,0.0,407.24,119.9,170.04294680894836,0.0
16.000000000000007,0.26666666666666694,180.9906175072629,164.2492143399211,60.0,0.0,393.99,220.52,180.0,0.0
17.000000000000007,0.2833333333333336,181.98878110146683,164.30979023616618,60.0,0.0,409.05,215.7,180.0,0.0
18.000000000000007,0.30000000000000027,182.98694469567076,164.37036613241125,60.0,0.0,407.85,192.81,180.0,0.0
19.000000000000007,0.31666666666666693,183.9851082898747,164.43094202865632,60.0,0.0,419.29,168.7,180.0,0.0
20.000000000000007,0.3333333333333336,184.98327188407862,164.4915179249014,60.0,0.0,462.07,169.31,0.0,0.0
21.000000000000007,0.35000000000000026,185.98143547828255,164.55209382114646,60.0,0.0,,,,
22.000000000000007,0.3666666666666669,186.97959907248648,164.61266971739153,60.0,0.0,,,,
23.000000000000007,0.3833333333333336,187.9777626666904,164.6732456136366,60.0,0.0,,,,
24.000000000000007,0.40000000000000024,188.97592626089434,164.73382150988166,60.0,0.0,,,,
25.000000000000007,0.4166666666666669,189.97408985509827,164.79439740612673,60.0,0.0,,,,
26.000000000000007,0.43333333333333357,190.9722534493022,164.8549733023718,60.0,0.0,,,,
27.000000000000007,0.45000000000000023,191.97041704350613,164.91554919861687,60.0,0.0,,,,
28.000000000000007,0.4666666666666669,192.96858063771006,164.97612509486194,60.0,0.0,,,,
29.000000000000007,0.48333333333333356,193.966744231914,165.036700991107,60.0,0.0,,,,
30.000000000000007,0.5000000000000002,194.96490782611792,165.09727688735208,60.0,0.0,,,,
30.99999999999998,0.5166666666666664,195.96307142032182,165.15785278359715,60.0,0.0,,,,
31.781170093827942,0.5296861682304658,196.74214103215644,165.21510010149984,60.0,0.0,,,,
32.56234018765587,0.5427056697942646,197.51949974723422,165.29217242846454,60.0,0.0,,,,
33.34351028148381,0.5557251713580637,198.29464316036865,165.38901975452706,60.0,0.0,,,,
34.124680375311755,0.5687446729218627,199.06706830381736,165.50557923830848,60.0,0.0,,,,
34.9058504691397,0.5817641744856618,199.8362739736432,165.64177524779103,60.0,0.0,,,,
35.68702056296766,0.5947836760494611,200.60176105493062,165.79751940939343,60.0,0.0,,,,
36.46819065679559,0.60780317761326,201.36303284564673,165.972710665314,60.0,0.0,,,,
37.24936075062354,0.620822679177059,202.11959537893665,166.16723533910397,60.0,0.0,,,,
38.030530844451484,0.6338421807408581,202.87095774364397,166.3809672094289,60.0,0.0,,,,
38.81170093827944,0.6468616823046573,203.6166324028486,166.61376759196986,60.0,0.0,,,,
39.59287103210738,0.6598811838684564,204.35613551021513,166.86548542941176,60.0,0.0,,,,
40.37404112593532,0.6729006854322555,205.08898722394642,167.13595738945986,60.0,0.0,,,,
41.15521121976325,0.6859201869960543,205.8147120181389,167.42500797082138,60.0,0.0,,,,
41.9363813135912,0.6989396885598533,206.5328389913373,167.73244961708303,60.0,0.0,,,,
42.717551407419165,0.7119591901236527,207.2429021720887,168.05808283841094,60.0,0.0,,,,
43.498721501247104,0.7249786916874517,207.9444408212977,168.40169634099365,60.0,0.0,,,,
44.27989159507504,0.7379981932512506,208.6369997311865,168.76306716414456,60.0,0.0,,,,
45.061061688902996,0.7510176948150498,209.32012952066586,169.14196082497443,60.0,0.0,,,,
45.842231782730956,0.7640371963788491,209.99338692692513,169.5381314705405,60.0,0.0,,,,
46.6234018765589,0.7770566979426482,210.6563350930525,169.9513220373732,60.0,0.0,,,,
47.40457197038683,0.790076199506447,211.30854385149863,170.38126441827706,60.0,0.0,,,,
48.18574206421479,0.8030957010702464,211.94959000319972,170.8276796362977,60.0,0.0,,,,
48.966912158042724,0.8161152026340452,212.5790575921788,171.2902780257415,60.0,0.0,,,,
49.748082251870656,0.8291347041978441,213.19653817544747,171.7687594201314,60.0,0.0,,,,
50.52925234569861,0.8421542057616433,213.80163108803248,172.262813346976,60.0,0.0,,,,
51.31042243952655,0.8551737073254424,214.39394370295534,172.77211922922595,60.0,0.0,,,,
52.091592533354515,0.8681932088892418,214.9730916859966,173.29634659328704,60.0,0.0,,,,
52.87276262718246,0.881212710453041,215.53869924507876,173.83515528345478,60.0,0.0,,,,
53.653932721010385,0.8942322120168397,216.09039937410694,174.3881956826314,60.0,0.0,,,,
54.435102814838345,0.9072161944743615,216.62783409110824,174.95510893918208,60.32827314479481,0.0,,,,
55.216272908666284,0.9201297169721424,217.15065467051556,175.5355271997833,60.65654628958961,0.0,,,,
55.99744300249423,0.9329735401104087,217.65852186944562,176.1290738481119,60.98481943438442,0.0,,,,
56.77861309632216,0.9457484122397267,218.15110614782338,176.73536374922043,61.31309257917923,0.0,,,,
57.55978319015013,0.958455069722645,218.62808788221125,177.35400349943984,61.64136572397403,0.0,,,,
58.34095328397805,0.9710942371883836,219.08915757320295,177.9845916816475,61.96963886876884,0.0,,,,
59.122123377806,0.9836666277808018,219.53401604624884,178.62671912573506,62.297912013563646,0.0,,,,
59.90329347163396,0.9961729433998437,219.96237464578135,179.27996917410684,62.62618515835845,0.0,,,,
60.684463565461904,1.008613874936675,220.37395542251517,179.94391795203654,62.95445830315326,0.0,,,,
61.465633659289864,1.0209901025027064,220.76849131380024,180.61813464270733,63.282731447948066,0.0,,,,
62.246803753117796,1.0333022956526887,221.14572631691092,181.30218176675598,63.61100459274287,0.0,,,,
63.02797384694574,1.0455511136020708,221.50541565515863,181.9956154661405,63.93927773753768,0.0,,,,
63.80914394077367,1.0577372054387868,221.84732593672018,182.6979857921464,64.26755088233249,0.0,,,,
64.59031403460162,1.0698612103296536,222.17123530607893,183.40883699734533,64.59582402712729,0.0,,,,
65.37148412842957,1.0819237577215322,222.47693358798028,184.12770783131603,64.9240971719221,0.0,,,,
66.15265422225752,1.0939254675374193,222.7642224238081,184.85413183993626,65.2523703167169,0.0,,,,
66.93382431608548,1.1058669503676182,223.03291540029394,185.58763766805103,65.58064346151171,0.0,,,,
67.7149944099134,1.1177488076561364,223.28283817047512,186.32774936532118,65.90891660630652,0.0,,,,
68.49616450374134,1.1295716318824538,223.51382856682315,187.07398669505358,66.23718975110133,0.0,,,,
69.2773345975693,1.141336006738796,223.7257367064697,187.82586544581244,66.56546289589613,0.0,,,,
70.05850469139726,1.1530425073030492,223.91842508846102,188.58289774560998,66.89373604069094,0.0,,,,
70.8396747852252,1.16469170020744,224.09176868297834,189.3445923784721,67.22200918548575,0.0,,,,
71.62084487905315,1.1762841438031113,224.24565501246602,190.1104551031741,67.55028233028055,0.0,,,,
72.40201497288109,1.1878203883207032,224.3799842246149,190.87998897393913,67.87855547507536,0.0,,,,
73.42575402862222,1.202865928479915,224.25965856900618,191.89663217135507,68.20682861987017,0.0,,,,
73.65274373426647,1.206185900707979,224.2565683464502,192.12360084098376,68.53510176466497,0.0,,,,
73.87973343991071,1.2094900087467106,224.2547492089344,192.35058325705856,68.86337490945978,0.0,,,,
74.10672314555495,1.2127784034863052,224.2542012135085,192.57757230122033,69.19164805425459,0.0,,,,
74.33371285119918,1.2160512336743874,224.2549243773581,192.804560854902,69.51992119904939,0.0,,,,
74.56070255684342,1.2193086459563864,224.25691867780412,193.03154179955197,69.8481943438442,0.0,,,,
74.78769226248765,1.222550784914962,224.26018405230369,193.25850801685718,70.176467488639,0.0,,,,
75.0146819681319,1.2257777931085123,224.26472039845189,193.48545238896648,70.50474063343381,0.0,,,,
75.24167167377614,1.2289898111087858,224.2705275739851,193.71236779871379,70.83301377822862,0.0,,,,
75.46866137942037,1.2321869775376244,224.27760539678542,193.93924712984128,71.16128692302343,0.0,,,,
75.69565108506461,1.235369429102862,224.28595364488638,194.16608326722266,71.48956006781823,0.0,,,,
75.92264079070885,1.2385373006333986,224.29557205647993,194.39286909708616,71.81783321261304,0.0,,,,
76.1496304963531,1.2416907251134761,224.30646032992456,194.61959750723773,72.14610635740785,0.0,,,,
76.37662020199734,1.2448298337161756,224.3186181237549,194.84626138728402,72.47437950220265,0.0,,,,
76.60360990764156,1.2479547558361581,224.33204505669235,195.0728536288554,72.80265264699746,0.0,,,,
76.8305996132858,1.2510656191216694,224.34674070765698,195.29936712582895,73.13092579179227,0.0,,,,
77.05758931893004,1.254162549505825,224.36270461578084,195.52579477455117,73.45919893658707,0.0,,,,
77.28457902457428,1.2572456712372027,224.37993628042238,195.75212947406087,73.78747208138188,0.0,,,,
77.51156873021853,1.260315106909751,224.39843516118216,195.9783641263118,74.11574522617668,0.0,,,,
77.73855843586276,1.2633709774920407,224.41820067791969,196.20449163639526,74.44401837097149,0.0,,,,
77.96554814150701,1.2664134023558717,224.43923221077176,196.43050491276273,74.7722915157663,0.0,,,,
78.19253784715124,1.26944249930425,224.46152910017187,196.656396867448,75.1005646605611,0.0,,,,
78.4195275527955,1.272458384598761,224.48509064687084,196.88216041628974,75.42883780535591,0.0,,,,
78.64651725843972,1.2754611729863419,224.50991611195877,197.1077884791534,75.75711095015072,0.0,,,,
78.87350696408397,1.2784509777254809,224.53600471688827,197.3332739801536,76.08538409494552,0.0,,,,
79.1004966697282,1.2814279106118467,224.56335564349874,197.55860984787554,76.41365723974033,0.0,,,,
79.32748637537242,1.284392082003374,224.59196803404217,197.78378901559725,76.74193038453514,0.0,,,,
79.55447608101667,1.2873436008448118,224.62184099120995,198.00880442151097,77.07020352932994,0.0,,,,
79.78146578666092,1.2902825746917466,224.65297357816107,198.23364900894458,77.39847667412475,0.0,,,,
80.00845549230515,1.293209109734123,224.68536481855145,198.458315726583,77.72674981891956,0.0,,,,
80.2354451979494,1.2961233108192651,224.71901369656462,198.68279752868938,78.05502296371436,0.0,,,,
80.46243490359363,1.2990252814744143,224.75391915694348,198.9070873753258,78.38329610850917,0.0,,,,
80.68942460923786,1.3019151239287994,224.7900801050235,199.1311782325744,78.71156925330398,0.0,,,,
80.9164143148821,1.3047929391352437,224.82749540676696,199.3550630727577,79.03984239809878,0.0,,,,
81.14340402052635,1.3076588267913272,224.8661638887986,199.57873487465912,79.36811554289359,0.0,,,,
81.37039372617059,1.31051288536011,224.90608433844235,199.80218662374313,79.6963886876884,0.0,,,,
81.59738343181482,1.3133552120904313,224.9472555037594,200.0254113123752,80.0246618324832,0.0,,,,
81.82437313745906,1.3161859030367922,224.9896760935874,200.24840194004173,80.35293497727801,0.0,,,,
82.05136284310329,1.3190050530788324,225.03334477758105,200.4711515135693,80.68120812207282,0.0,,,,
82.27835254874753,1.3218127559404143,225.07826018625377,200.6936530473443,81.00948126686762,0.0,,,,
82.50534225439178,1.3246091042083172,225.1244209110206,200.91589956353175,81.33775441166243,0.0,,,,
82.73233196003602,1.327394189350558,225.1718255042424,201.1378840922943,81.66602755645724,0.0,,,,
82.95932166568025,1.3301681017343436,225.22047247927145,201.35959967201072,81.99430070125204,0.0,,,,
83.18631137132449,1.3329309306436643,225.27036031049767,201.58103934949423,82.32257384604685,0.0,,,,
83.41330107696872,1.335682764296537,225.32148743339678,201.80219618021061,82.65084699084166,0.0,,,,
83.64029078261295,1.3384236898619075,225.3738522445793,202.02306322849594,82.97912013563646,0.0,,,,
83.86728048825721,1.3411537934762192,225.42745310184077,202.24363356777414,83.30739328043127,0.0,,,,
84.09427019390145,1.3438731602596536,225.4822883242133,202.4639002807741,83.63566642522608,0.0,,,,
84.32125989954571,1.3465818743320566,225.53835619201828,202.6838564597468,83.96393957002088,0.0,,,,
84.54824960518995,1.3492847128844903,225.59565494692026,202.90349520668173,84.0,0.0,,,,
84.7752393108342,1.351986971285017,225.65418279198224,203.12280963352333,84.0,0.0,,,,
85.00222901647841,1.3546892296855433,225.71393789172174,203.34179286238702,84.0,0.0,,,,
85.22921872212267,1.3573914880860702,225.77491837216877,203.5604380257749,84.0,0.0,,,,
85.4562084277669,1.3600937464865968,225.8371223209242,203.778738266791,84.0,0.0,,,,
85.68319813341112,1.3627960048871233,225.90054778721995,203.99668673935648,84.0,0.0,,,,
85.91018783905537,1.3654982632876498,225.96519278198016,204.2142766084242,84.0,0.0,,,,
86.13717754469964,1.3682005216881767,226.03105527788352,204.4315010501932,84.0,0.0,,,,
86.36416725034388,1.3709027800887033,226.09813320942683,204.6483532523225,84.0,0.0,,,,
86.59115695598811,1.3736050384892298,226.16642447298986,204.86482641414497,84.0,0.0,,,,
86.81814666163235,1.3763072968897565,226.2359269269012,205.08091374688053,84.0,0.0,,,,
87.04513636727658,1.379009555290283,226.30663839150554,205.2966084738489,84.0,0.0,,,,
87.27212607292084,1.3817118136908098,226.378556649232,205.51190383068237,84.0,0.0,,,,
87.49911577856508,1.3844140720913365,226.4516794446636,205.72679306553775,84.0,0.0,,,,
87.7261054842093,1.3871163304918628,226.52600448460808,205.94126943930814,84.0,0.0,,,,
87.95309518985356,1.3898185888923895,226.6015294381698,206.15532622583444,84.0,0.0,,,,
88.18008489549779,1.392520847292916,226.67825193682273,206.36895671211602,84.0,0.0,,,,
88.40707460114204,1.3952231056934428,226.75616957448497,206.58215419852147,84.0,0.0,,,,
88.63406430678629,1.3979253640939695,226.8352799075939,206.79491199899857,84.0,0.0,,,,
88.86105401243051,1.400627622494496,226.9155804551831,207.00722344128403,84.0,0.0,,,,
89.08804371807476,1.4033298808950228,226.99706869895994,207.21908186711275,84.0,0.0,,,,
89.31503342371899,1.4060321392955493,227.07974208338464,207.4304806324266,84.0,0.0,,,,
89.54202312936324,1.4087343976960762,227.1635980157505,207.6414131075828,84.0,0.0,,,,
89.76901283500749,1.4114366560966027,227.24863386626504,207.85187267756174,84.0,0.0,,,,
89.99600254065173,1.4141389144971295,227.33484696813258,208.06185274217464,84.0,0.0,,,,
90.22299224629597,1.4168411728976562,227.42223461763783,208.27134671627033,84.0,0.0,,,,
90.44998195194023,1.4195434312981832,227.51079407423077,208.48034802994187,84.0,0.0,,,,
90.67697165758445,1.4222456896987097,227.6005225606124,208.68885012873253,84.0,0.0,,,,
90.90396136322867,1.4249479480992362,227.6914172628221,208.89684647384144,84.0,0.0,,,,
91.13095106887293,1.4276502064997632,227.7834753303257,209.10433054232857,84.0,0.0,,,,
91.35794077451715,1.4303524649002894,227.87669387610484,209.31129582731924,84.0,0.0,,,,
91.5849304801614,1.4330547233008164,227.97106997674769,209.5177358382084,84.0,0.0,,,,
92.8067030321457,1.4475996346339628,228.4351979549144,208.3875529376719,84.0,0.0,,,,
93.80670303214569,1.4595043965387247,228.59036039100548,207.39966396697415,84.0,0.0,,,,
94.80670303214568,1.4714091584434865,228.74552282709655,206.4117749962764,84.0,0.0,,,,
95.80670303214566,1.4833139203482484,228.90068526318763,205.42388602557864,84.0,0.0,,,,
96.80670303214565,1.4952186822530102,229.0558476992787,204.4359970548809,84.0,0.0,,,,
97.80670303214563,1.507123444157772,229.21101013536978,203.44810808418313,84.0,0.0,,,,
98.80670303214562,1.519028206062534,229.36617257146085,202.46021911348538,84.0,0.0,,,,
99.8067030321456,1.5309329679672958,229.52133500755193,201.47233014278763,84.0,0.0,,,,
100.80670303214559,1.5428377298720577,229.676497443643,200.48444117208987,84.0,0.0,,,,
101.80670303214558,1.5547424917768196,229.83165987973408,199.49655220139212,84.0,0.0,,,,
102.80670303214556,1.5666472536815814,229.98682231582515,198.50866323069437,84.0,0.0,,,,
103.80670303214555,1.5785520155863433,230.14198475191623,197.5207742599966,84.0,0.0,,,,
104.80670303214553,1.5904567774911051,230.2971471880073,196.53288528929886,84.0,0.0,,,,
105.80670303214552,1.602361539395867,230.45230962409838,195.5449963186011,84.0,0.0,,,,
106.8067030321455,1.6142663013006289,230.60747206018945,194.55710734790335,84.0,0.0,,,,
107.80670303214549,1.6261710632053907,230.76263449628053,193.5692183772056,84.0,0.0,,,,
108.80670303214548,1.6380758251101526,230.9177969323716,192.58132940650785,84.0,0.0,,,,
109.80670303214546,1.6499805870149145,231.07295936846268,191.5934404358101,84.0,0.0,,,,
110.80670303214545,1.6618853489196763,231.22812180455375,190.60555146511234,84.0,0.0,,,,
111.80670303214544,1.6737901108244382,231.38328424064483,189.6176624944146,84.0,0.0,,,,
112.80670303214542,1.6856948727292,231.5384466767359,188.62977352371684,84.0,0.0,,,,
113.8067030321454,1.697599634633962,231.69360911282698,187.64188455301908,84.0,0.0,,,,
114.80670303214539,1.7095043965387238,231.84877154891805,186.65399558232133,84.0,0.0,,,,
115.80670303214538,1.7214091584434856,232.00393398500913,185.66610661162358,84.0,0.0,,,,
116.80670303214536,1.7333139203482475,232.1590964211002,184.67821764092582,84.0,0.0,,,,
117.80670303214535,1.7452186822530094,232.31425885719128,183.69032867022807,84.0,0.0,,,,
118.80670303214534,1.7571234441577712,232.46942129328235,182.70243969953032,84.0,0.0,,,,
119.80670303214532,1.769028206062533,232.62458372937343,181.71455072883256,84.0,0.0,,,,
120.80670303214531,1.780932967967295,232.7797461654645,180.7266617581348,84.0,0.0,,,,
121.8067030321453,1.7928377298720568,232.93490860155558,179.73877278743706,84.0,0.0,,,,
122.80670303214528,1.8047424917768187,233.09007103764665,178.7508838167393,84.0,0.0,,,,
123.80670303214526,1.8166472536815805,233.24523347373773,177.76299484604155,84.0,0.0,,,,
124.80670303214525,1.8285520155863424,233.4003959098288,176.7751058753438,84.0,0.0,,,,
125.80670303214524,1.8404567774911043,233.55555834591988,175.78721690464604,84.0,0.0,,,,
126.80670303214522,1.8523615393958661,233.71072078201095,174.7993279339483,84.0,0.0,,,,
127.80670303214521,1.864266301300628,233.86588321810203,173.81143896325054,84.0,0.0,,,,
128.8067030321452,1.8761710632053898,234.0210456541931,172.82354999255278,84.0,0.0,,,,
129.8067030321452,1.8880758251101517,234.17620809028418,171.83566102185503,84.0,0.0,,,,
130.8067030321452,1.8999805870149136,234.33137052637525,170.84777205115728,84.0,0.0,,,,
131.8067030321452,1.9118853489196752,234.4865329624663,169.85988308045953,84.0,0.0,,,,
132.74951535980145,1.9231093052012973,234.64957303059805,168.93127497077913,84.0,0.0,,,,
133.69232768745772,1.9343332614829196,234.8459510327883,168.00914115975363,84.0,0.0,,,,
134.635140015114,1.945557217764542,235.0754121701219,167.0946781087591,84.0,0.0,,,,
135.57795234277026,1.9567811740461643,235.33765871857565,166.1890723264207,84.0,0.0,,,,
136.5207646704265,1.9680051303277863,235.632350415313,165.29349882912712,84.0,0.0,,,,
137.46357699808277,1.9792290866094087,235.95910490017235,164.4091196164559,84.0,0.0,,,,
138.40638932573904,1.990453042891031,236.3174982117764,163.53708216348838,84.0,0.0,,,,
139.3492016533953,2.0016769991726533,236.7070653376187,162.67851793196948,84.0,0.0,,,,
140.29201398105158,2.0129009554542754,237.12730081741367,161.83454090224527,84.0,0.0,,,,
141.23482630870785,2.0241249117358975,237.57765939892738,161.00624612788195,84.0,0.0,,,,
142.17763863636412,2.03534886801752,238.05755674543815,160.19470831484267,84.0,0.0,,,,
143.1837088186782,2.0473258939974497,238.73156341385703,159.4477864831438,84.0,0.0,,,,
144.1837088186782,2.0592306559022115,239.37387609662844,158.68134377977256,84.0,0.0,,,,
145.1837088186782,2.0711354178069734,240.01618877939984,157.91490107640132,84.0,0.0,,,,
146.1837088186782,2.0830401797117353,240.65850146217124,157.14845837303008,84.0,0.0,,,,
147.1837088186782,2.094944941616497,241.30081414494265,156.38201566965884,84.0,0.0,,,,
148.1837088186782,2.106849703521259,241.94312682771405,155.6155729662876,84.0,0.0,,,,
149.1837088186782,2.118754465426021,242.58543951048546,154.84913026291636,84.0,0.0,,,,
150.1837088186782,2.1306592273307827,243.22775219325686,154.08268755954512,84.0,0.0,,,,
151.1837088186782,2.1425639892355446,243.87006487602827,153.31624485617388,84.0,0.0,,,,
152.1837088186782,2.1544687511403064,244.51237755879967,152.54980215280264,84.0,0.0,,,,
153.1837088186782,2.1663735130450683,245.15469024157107,151.7833594494314,84.0,0.0,,,,
154.1837088186782,2.17827827494983,245.79700292434248,151.01691674606016,84.0,0.0,,,,
155.1837088186782,2.190183036854592,246.43931560711388,150.25047404268892,84.0,0.0,,,,
156.1837088186782,2.202087798759354,247.0816282898853,149.48403133931768,84.0,0.0,,,,
157.1837088186782,2.2139925606641158,247.7239409726567,148.71758863594644,84.0,0.0,,,,
158.1837088186782,2.2258973225688776,248.3662536554281,147.9511459325752,84.0,0.0,,,,
159.1837088186782,2.2378020844736395,249.0085663381995,147.18470322920396,84.0,0.0,,,,
160.1837088186782,2.2497068463784013,249.6508790209709,146.41826052583272,84.0,0.0,,,,
161.1837088186782,2.261611608283163,250.2931917037423,145.65181782246148,84.0,0.0,,,,
162.08947269724788,2.272394511599469,250.86287647204168,144.94763924533117,84.0,0.0,,,,
162.99523657581756,2.2831774149157744,251.40785550015562,144.22417116542886,84.0,0.0,,,,
163.90100045438723,2.29396031823208,251.92747616261738,143.48227995314477,84.0,0.0,,,,
164.8067643329569,2.3047432215483856,252.42111620121182,142.72285404101243,84.0,0.0,,,,
165.71252821152657,2.3155261248646912,252.88818447014444,141.94680285978927,84.0,0.0,,,,
166.61829209009622,2.3263090281809964,253.32812164395264,141.15505574939152,84.0,0.0,,,,
167.5240559686659,2.337091931497302,253.7404008873115,140.34856084598727,84.0,0.0,,,,
168.42981984723554,2.3478492744604753,254.1245284859316,139.52828394658079,84.39918215314796,0.0,,,,
169.33558372580518,2.358555858539539,254.48004443779377,138.69520735244728,84.79836430629592,0.0,,,,
170.24134760437485,2.3692121604998593,254.80652300401263,137.85032869280363,85.19754645944388,0.0,,,,
171.1471114829445,2.3798186504209955,255.10357321866906,136.9946597301235,85.59672861259185,0.0,,,,
172.05287536151417,2.39037579182113,255.3708393570012,136.12922514852727,85.99591076573981,0.0,,,,
173.05308688738896,2.4019797793204383,255.60001800117652,135.15562346121015,86.39509291888777,0.0,,,,
174.05308688738896,2.4135278323169986,255.83335433470594,134.18322737141185,86.79427507203573,0.0,,,,
175.05308688738896,2.4250228956389543,256.06669066823537,133.21083128161354,87.19345722518369,0.0,,,,
176.05308688738896,2.4364654533644514,256.3000270017648,132.23843519181523,87.59263937833165,0.0,,,,
177.05308688738896,2.4478559829684765,256.53336333529427,131.26603910201692,87.99182153147962,0.0,,,,
178.05308688738896,2.4591949554424097,256.7666996688237,130.2936430122186,88.39100368462758,0.0,,,,
179.05308688738896,2.470482835410882,257.00003600235317,129.3212469224203,88.79018583777554,0.0,,,,
180.05308688738896,2.4817200812460127,257.2333723358826,128.348850832622,89.1893679909235,0.0,,,,
181.05308688738896,2.492907145179098,257.46670866941207,127.37645474282368,89.58855014407146,0.0,,,,
182.05308688738896,2.5040444734098117,257.7000450029415,126.40405865302537,89.98773229721942,0.0,,,,
183.05308688738896,2.515132506212996,257.933381336471,125.43166256322708,90.38691445036739,0.0,,,,
183.95124032754836,2.525047376368709,258.15704111280274,124.56180285814735,90.78609660351535,0.0,,,,
184.84939376770774,2.5349187469442365,258.40869783591285,123.69962625455408,91.18527875666331,0.0,,,,
185.74754720786714,2.5447469979643276,258.6880885623068,122.84603359755941,91.58446090981127,0.0,,,,
186.64570064802652,2.554532504495382,258.99492137062055,122.00191676334009,91.98364306295923,0.0,,,,
187.54385408818592,2.564275636731336,259.3288756666342,121.1681577272606,92.3828252161072,0.0,,,,
188.44200752834533,2.5739767600776964,259.6896025182449,120.34562764234141,92.78200736925515,0.0,,,,
189.3401609685047,2.5836362352337687,260.0767250200487,119.53518592903482,93.18118952240312,0.0,,,,
190.23831440866408,2.59325441827313,260.48983868714987,118.73767937725964,93.58037167555108,0.0,,,,
191.13646784882346,2.6028316607223867,260.92851187778706,117.95394126163279,93.97955382869904,0.0,,,,
192.03462128898286,2.612368309638267,261.3922862443341,117.18479047082253,94.378735981847,0.0,,,,
192.93277472914227,2.6218647076830814,261.8806772122044,116.43103065193264,94.77791813499496,0.0,,,,
193.83092816930167,2.631321193198602,262.39317448615856,115.69344937081192,95.17710028814292,0.0,,,,
194.72908160946105,2.640738100278392,262.92924258348654,114.97281728916604,95.57628244129089,0.0,,,,
195.62723504962045,2.6501157588386333,263.4883213935066,114.26988735933186,95.97546459443885,0.0,,,,
196.52538848977983,2.6594547792829664,264.06982676279677,113.58539403755518,96.36878510776684,0.0,,,,
197.42354192993923,2.66875767700659,264.6731511055475,112.92005251659427,96.72232840166045,0.0,,,,
198.3216953700986,2.6780266324428,265.29766403839767,112.27455797845083,97.07587169555406,0.0,,,,
199.21984881025801,2.6872618923729217,265.9427130390906,111.64958486800911,97.42941498944766,0.0,,,,
200.1180022504174,2.6964637008966497,266.60762412826176,111.04578618834233,97.78295828334127,0.0,,,,
201.01615569057682,2.705632299470764,267.29170257364615,110.46379281842245,98.13650157723488,0.0,,,,
201.9143091307362,2.7147679269471405,267.9942336159689,109.90421285394636,98.49004487112849,0.0,,,,
202.81246257089558,2.7238708196100943,268.7144832157618,109.36763097196723,98.8435881650221,0.0,,,,
203.71061601105498,2.7329412112130425,269.45169882032417,108.85460781999465,99.1971314589157,0.0,,,,
204.6087694512144,2.741979333014524,270.20511015002745,108.3656794302023,99.55067475280931,0.0,,,,
205.50692289137376,2.7509854138135763,270.9739300031416,107.9013566593547,99.90421804670292,0.0,,,,
206.51556355328134,2.7610636580934846,271.9478738240076,107.63907928966704,100.25776134059653,0.0,,,,
207.5155635532813,2.771020392796717,272.90404417164467,107.3462683160004,100.61130463449014,0.0,,,,
208.51556355328128,2.780942201376609,273.8602145192817,107.05345734233377,100.96484792838375,0.0,,,,
209.51556355328125,2.7908293280035976,274.8163848669188,106.76064636866714,101.31839122227736,0.0,,,,
210.51556355328123,2.8006820142965245,275.77255521455584,106.4678353950005,101.67193451617096,0.0,,,,
211.5155635532812,2.8105004993580667,276.7287255621929,106.17502442133387,102.02547781006457,0.0,,,,
212.51556355328117,2.8202850198095524,277.68489590982995,105.88221344766724,102.37902110395818,0.0,,,,
213.51556355328114,2.8300358098251768,278.641066257467,105.58940247400061,102.73256439785179,0.0,,,,
214.5155635532811,2.8397531011656305,279.59723660510406,105.29659150033397,103.0861076917454,0.0,,,,
215.51556355328108,2.849437123211153,280.5534069527411,105.00378052666734,103.439650985639,0.0,,,,
216.51556355328105,2.859088102994019,281.50957730037817,104.71096955300071,103.79319427953261,0.0,,,,
217.51556355328103,2.868706265230478,282.4657476480152,104.41815857933408,104.14673757342622,0.0,,,,
218.515563553281,2.8782918323521476,283.4219179956523,104.12534760566744,104.50028086731983,0.0,,,,
219.51556355328097,2.8878450245368787,284.37808834328933,103.83253663200081,104.85382416121344,0.0,,,,
220.51556355328094,2.897366059739102,285.3342586909264,103.53972565833418,105.20736745510705,0.0,,,,
221.5155635532809,2.906855153719664,286.29042903856345,103.24691468466756,105.56091074900066,0.0,,,,
222.47673610014195,2.915945314626178,287.21650413929194,102.98954807329379,105.91445404289426,0.0,,,,
223.43790864700293,2.925005183061207,288.15474403336475,102.78084118311168,106.26799733678787,0.0,,,,
224.399081193864,2.9340349602502385,289.1025937921381,102.62136234554184,106.62154063068148,0.0,,,,
225.360253740725,2.943034845420356,290.0574723182678,102.5115458386967,106.97508392457509,0.0,,,,
226.32142628758604,2.9520069132497255,291.0167793743165,102.45169070479425,107.28378373905731,0.0,,,,
227.28259883444704,2.9609646119045205,291.9779026634812,102.44195993583368,107.31877968753882,0.0,,,,
228.24377138130805,2.969919389988867,292.93822494315975,102.48238002975066,107.35377563602033,0.0,,,,
229.2049439281691,2.9788712494065908,293.89513115198554,102.57284091826054,107.38877158450184,0.0,,,,
230.16611647503012,2.9878201920596577,294.846015530922,102.71309626658618,107.42376753298335,0.0,,,,
231.1705809576442,2.997169155680591,295.8093522184282,102.9975805778192,107.45876348146486,0.0,,,,
231.96299240013943,3.0045420530233384,296.5752808651993,103.20072880511331,107.49375942994637,0.0,,,,
232.75540384263465,3.011912550417078,297.3317630705706,103.43663252944582,107.52875537842787,0.0,,,,
233.54781528512987,3.019280649423714,298.0773987238984,103.70485513603188,107.56375132690938,0.0,,,,
234.34022672762515,3.0266463516036275,298.81080778952935,104.00490019372785,107.59874727539089,0.0,,,,
235.13263817012037,3.034009658515675,299.53063286099473,104.33621237383483,107.6337432238724,0.0,,,,
235.9250496126156,3.0413705717171955,300.2355416733226,104.69817847791074,107.66873917235391,0.0,,,,
236.71746105511082,3.048729092764008,300.9242295688171,105.09012857268901,107.70373512083542,0.0,,,,
237.50987249760604,3.056085223210415,301.5954219117422,105.51133723000278,107.73873106931693,0.0,,,,
238.30228394010126,3.063438964609206,302.2478764474399,105.96102486942023,107.77372701779844,0.0,,,,
239.09469538259648,3.070790318511657,302.8803856015173,106.43835920110581,107.80872296627994,0.0,,,,
239.88710682509173,3.0781392864675348,303.4917787148463,106.94245676623706,107.84371891476145,0.0,,,,
240.67951826758696,3.0854858700250953,304.0809242102406,107.4723845721257,107.87871486324296,0.0,,,,
241.4719297100822,3.0928300707310905,304.64673168679866,108.02716181901711,107.91371081172447,0.0,,,,
242.26434115257743,3.100171890130766,305.18815393803675,108.60576171537177,107.94870676020598,0.0,,,,
243.05675259507268,3.107511329767866,305.7041888900776,109.20711337826927,107.98370270868749,0.0,,,,
243.8491640375679,3.1148490263862447,306.1938814563061,109.83010381541733,108.0,0.0,,,,
244.64157548006312,3.1221757593587682,306.6563253050607,110.47357998509759,108.30689844079231,0.0,,,,
245.43398692255838,3.129481760672452,307.0906645370881,111.13635093023568,108.61379688158462,0.0,,,,
246.2263983650536,3.13676714732049,307.49609526965656,111.81718998264556,108.92069532237693,0.0,,,,
247.01880980754882,3.1440320353085363,307.8718671243964,112.51483703336874,109.22759376316924,0.0,,,,
247.81122125004407,3.1512765396657887,308.21728461611355,113.22800086490622,109.53449220396155,0.0,,,,
248.6036326925393,3.1585007744559155,308.5317084400058,113.95536154102663,109.84139064475386,0.0,,,,
249.39604413503451,3.1657048527878326,308.81455665489943,114.69557284972764,110.14828908554617,0.0,,,,
250.18845557752977,3.172888886826329,309.0653057603164,115.44726479482881,110.45518752633848,0.0,,,,
250.980867020025,3.1800529878025454,309.2834916653779,116.20904613158487,110.76208596713079,0.0,,,,
251.7732784625202,3.1871972660243064,309.4687105477524,116.97950694162606,111.0689844079231,0.0,,,,
252.56568990501543,3.1943218308863135,309.6206196010569,117.75722124245992,111.3758828487154,0.0,,,,
253.35810134751065,3.201426790880194,309.7389376693291,118.540749626705,111.68278128950772,0.0,,,,
254.42853327240445,3.2109982143805507,309.41827714756437,119.56202399513563,111.98967973030003,0.0,,,,
255.42853327240445,3.2199153902196485,309.30891385122317,120.5560258409153,112.29657817109234,0.0,,,,
256.4285332724044,3.2288082293162415,309.19955055488197,121.55002768669496,112.60347661188464,0.0,,,,
257.4285332724044,3.2376768641483706,309.09018725854077,122.54402953247462,112.91037505267695,0.0,,,,
258.4285332724044,3.2465214261152893,308.98082396219957,123.53803137825429,113.21727349346926,0.0,,,,
259.4285332724044,3.2553420455491433,308.87146066585836,124.53203322403395,113.52417193426157,0.0,,,,
260.4285332724044,3.2641388517264955,308.76209736951716,125.52603506981362,113.83107037505388,0.0,,,,
261.4285332724044,3.272911972879694,308.65273407317596,126.52003691559328,114.1379688158462,0.0,,,,
262.4285332724044,3.2816615362080874,308.54337077683476,127.51403876137294,114.4448672566385,0.0,,,,
263.4285332724044,3.2903876678890915,308.43400748049356,128.50804060715262,114.75176569743081,0.0,,,,
264.4285332724044,3.2990904930891065,308.32464418415236,129.5020424529323,115.05866413822312,0.0,,,,
265.4285332724044,3.3077701359742893,308.21528088781116,130.49604429871198,115.36556257901543,0.0,,,,
266.4285332724044,3.316426719721183,308.10591759146996,131.49004614449166,115.67246101980774,0.0,,,,
267.4285332724044,3.3250603665272056,307.99655429512876,132.48404799027134,115.97935946060005,0.0,,,,
268.4285332724044,3.3336711976210003,307.88719099878756,133.478049836051,116.28625790139236,0.0,,,,
269.4285332724044,3.3422593332726476,307.77782770244636,134.4720516818307,116.59315634218467,0.0,,,,
270.4285332724044,3.3508248928037463,307.66846440610516,135.46605352761037,116.90005478297698,0.0,,,,
271.4285332724044,3.3593679945973602,307.55910110976396,136.46005537339005,117.20695322376929,0.0,,,,
272.4285332724044,3.3678887561078343,307.44973781342276,137.45405721916973,117.5138516645616,0.0,,,,
273.4285332724044,3.376387293870485,307.34037451708156,138.4480590649494,117.82075010535391,0.0,,,,
274.4285332724044,3.3848637235111627,307.23101122074036,139.44206091072908,118.12764854614622,0.0,,,,
275.4285332724044,3.3933181597556907,307.12164792439916,140.43606275650876,118.43454698693853,0.0,,,,
276.4285332724044,3.401750716439182,307.01228462805796,141.43006460228844,118.74144542773084,0.0,,,,
277.4285332724044,3.4101615065152364,306.90292133171675,142.42406644806812,119.04834386852315,0.0,,,,
278.4285332724044,3.4185506420650182,306.79355803537555,143.4180682938478,119.35524230931546,0.0,,,,
279.4285332724044,3.4269182343062186,306.68419473903435,144.41207013962747,119.66214075010777,0.0,,,,
280.4285332724044,3.435264393601901,306.57483144269315,145.40607198540715,119.96903919090008,0.0,,,,
281.4285332724044,3.4435892294692367,306.46546814635195,146.40007383118683,120.27593763169239,0.0,,,,
282.4285332724044,3.451892850588127,306.35610485001075,147.3940756769665,120.5828360724847,0.0,,,,
283.4285332724044,3.4601753648097153,306.24674155366955,148.3880775227462,120.889734513277,0.0,,,,
284.4285332724044,3.4684368791647926,306.13737825732835,149.38207936852586,121.19663295406932,0.0,,,,
285.4285332724044,3.476677499872097,306.02801496098715,150.37608121430554,121.50353139486162,0.0,,,,
286.4285332724044,3.4848973323465073,305.91865166464595,151.37008306008522,121.81042983565393,0.0,,,,
287.4285332724044,3.493096481207134,305.80928836830475,152.3640849058649,122.11732827644624,0.0,,,,
288.4285332724044,3.5012750502853085,305.69992507196355,153.35808675164458,122.42422671723855,0.0,,,,
289.4285332724044,3.509433142632473,305.59056177562235,154.35208859742426,122.73112515803086,0.0,,,,
290.4285332724044,3.517570860527971,305.48119847928115,155.34609044320393,123.03802359882317,0.0,,,,
291.4285332724044,3.5256883054867427,305.37183518293995,156.3400922889836,123.34492203961548,0.0,,,,
292.4285332724044,3.5337855782669205,305.26247188659875,157.3340941347633,123.65182048040779,0.0,,,,
293.4285332724044,3.541862778877336,305.15310859025755,158.32809598054297,123.9587189212001,0.0,,,,
294.4285332724044,3.5499200065849297,305.04374529391634,159.32209782632265,124.26561736199241,0.0,,,,
295.4285332724044,3.5579573599220713,304.93438199757514,160.31609967210233,124.57251580278472,0.0,,,,
296.4285332724044,3.56597493669379,304.82501870123394,161.310101517882,124.87941424357703,0.0,,,,
297.4285332724044,3.573972833984914,304.71565540489274,162.30410336366168,125.18631268436934,0.0,,,,
298.4285332724045,3.581951148167127,304.60629210855154,163.2981052094414,125.49321112516165,0.0,,,,
299.3635371762924,3.5893926822382793,304.5120041728038,164.22834285943097,125.80010956595396,0.0,,,,
300.29854108018037,3.596816084267546,304.4336707656128,165.1600596498794,126.10700800674627,0.0,,,,
301.2335449840683,3.604221442401216,304.3713148910641,166.09298196454176,126.41390644753858,0.0,,,,
302.16854888795626,3.6116122166140254,304.32495486113885,167.0268358331481,126.60529748577899,0.0,,,,
303.1035527918442,3.618989624901557,304.29460429033594,167.96134701186008,126.87231075996445,0.0,,,,
304.03855669573215,3.626351523144099,304.28027209167414,168.89624106380782,127.13932403414991,0.0,,,,
305.04272573277535,3.634241416310984,304.3859089816807,169.89483823105093,127.40633730833537,0.0,,,,
306.04272573277535,3.642082103339172,304.4445453089076,170.89311764140123,127.67335058252083,0.0,,,,
307.04272573277535,3.64990640965383,304.5031816361345,171.89139705175154,127.94036385670628,0.0,,,,
308.04272573277535,3.6577144035572267,304.5618179633614,172.88967646210185,128.20737713089176,0.0,,,,
309.04272573277535,3.6655061529253223,304.6204542905883,173.88795587245215,128.47439040507723,0.0,,,,
310.04272573277535,3.673281725211308,304.67909061781523,174.88623528280246,128.7414036792627,0.0,,,,
311.04272573277535,3.6810411874491114,304.73772694504214,175.88451469315277,129.00841695344818,0.0,,,,
312.04272573277535,3.688784606256861,304.79636327226905,176.88279410350307,129.27543022763365,0.0,,,,
313.04272573277535,3.6965120478403226,304.85499959949595,177.88107351385338,129.54244350181912,0.0,,,,
314.04272573277535,3.7042235779962907,304.91363592672286,178.8793529242037,129.8094567760046,0.0,,,,
315.04272573277535,3.711919262115953,304.97227225394977,179.877632334554,130.07647005019007,0.0,,,,
316.04272573277535,3.719599165188216,305.0309085811767,180.8759117449043,130.34348332437554,0.0,,,,
317.04272573277535,3.7272633518030003,305.0895449084036,181.8741911552546,130.610496598561,0.0,,,,
318.04272573277535,3.7349118861544963,305.1481812356305,182.8724705656049,130.8775098727465,0.0,,,,
319.04272573277535,3.7425448320443935,305.2068175628574,183.87074997595522,131.14452314693196,0.0,,,,
320.04272573277535,3.7501622528850715,305.2654538900843,184.86902938630553,131.41153642111743,0.0,,,,
321.04272573277535,3.757764211702763,305.3240902173112,185.86730879665583,131.6785496953029,0.0,,,,
322.04272573277535,3.7653507711406817,305.3827265445381,186.86558820700614,131.94556296948838,0.0,,,,
323.04272573277535,3.772921993462119,305.441362871765,187.86386761735645,132.21257624367385,0.0,,,,
324.04272573277535,3.7804779405535105,305.49999919899193,188.86214702770675,132.47958951785932,0.0,,,,
325.04272573277535,3.788018673927472,305.55863552621884,189.86042643805706,132.7466027920448,0.0,,,,
326.04272573277535,3.795544254725803,305.61727185344574,190.85870584840737,133.01361606623027,0.0,,,,
327.04272573277535,3.8030547437224613,305.67590818067265,191.85698525875767,133.28062934041574,0.0,,,,
328.04272573277535,3.8105502013265085,305.73454450789956,192.85526466910798,133.54764261460122,0.0,,,,
329.04272573277535,3.818030687585025,305.79318083512646,193.8535440794583,133.8146558887867,0.0,,,,
330.04272573277535,3.8254962621859967,305.85181716235337,194.8518234898086,134.08166916297216,0.0,,,,
331.04272573277535,3.8329469844611714,305.9104534895803,195.8501029001589,134.34868243715763,0.0,,,,
332.04272573277535,3.840382913388889,305.9690898168072,196.8483823105092,134.6156957113431,0.0,,,,
333.04272573277535,3.847804107596883,306.0277261440341,197.84666172085952,134.88270898552858,0.0,,,,
334.04272573277535,3.855210625365053,306.086362471261,198.84494113120982,135.14972225971405,0.0,,,,
335.04272573277535,3.8626025246282114,306.1449987984879,199.84322054156013,135.41673553389953,0.0,,,,
336.04272573277535,3.869979862978803,306.2036351257148,200.84149995191044,135.683748808085,0.0,,,,
337.04272573277535,3.8773426976695955,306.2622714529417,201.83977936226074,135.95076208227047,0.0,,,,
338.04272573277535,3.884691085616348,306.3209077801686,202.83805877261105,136.21777535645595,0.0,,,,
339.04272573277535,3.892025083400449,306.37954410739553,203.83633818296136,136.48478863064142,0.0,,,,
340.04272573277535,3.8993447472715306,306.43818043462244,204.83461759331166,136.7518019048269,0.0,,,,
341.04272573277535,3.906650133150058,306.49681676184935,205.83289700366197,137.01881517901236,0.0,,,,
342.04272573277535,3.913941296629892,306.55545308907625,206.83117641401228,137.28582845319784,0.0,,,,
343.04272573277535,3.9212182929808272,306.61408941630316,207.82945582436258,137.5528417273833,0.0,,,,
344.04272573277535,3.9284811771511072,306.67272574353007,208.8277352347129,137.81985500156878,0.0,,,,
345.04272573277535,3.9357300037699128,306.731362070757,209.8260146450632,138.08686827575426,0.0,,,,
346.04272573277535,3.942964827149827,306.7899983979839,210.8242940554135,138.35388154993973,0.0,,,,
347.04272573277535,3.9501857012892794,306.8486347252108,211.8225734657638,138.6208948241252,0.0,,,,
348.04272573277535,3.9573926798749604,306.9072710524377,212.82085287611412,138.88790809831067,0.0,,,,
349.04272573277535,3.96458581628422,306.9659073796646,213.81913228646442,139.15492137249615,0.0,,,,
350.04272573277535,3.971765163587437,307.0245437068915,214.81741169681473,139.42193464668162,0.0,,,,
351.04272573277535,3.97893077455037,307.0831800341184,215.81569110716504,139.6889479208671,0.0,,,,
352.04272573277535,3.986082701636484,307.1418163613453,216.81397051751534,139.95596119505257,0.0,,,,
352.850079772344,3.991845833241324,307.2103534083751,217.6184102097187,140.22297446923804,0.0,,,,
353.65743381191254,3.997598001101367,307.3211268817882,218.4181287744624,140.4899877434235,0.0,,,,
354.46478785148116,4.003339246852123,307.4738298265857,219.21091017930104,140.75700101760899,0.0,,,,
355.2721418910497,4.0090696118923805,307.66803910055853,219.9945576147659,141.02401429179446,0.0,,,,
356.07949593061835,4.014789137385998,307.90321654682083,220.76689958175808,141.29102756597993,0.0,,,,
356.886849970187,4.020497864263679,308.17871048505106,221.52579590880555,141.5580408401654,0.0,,,,
357.6942040097556,4.02619583322473,308.4937575173084,222.2691436825115,141.82505411435088,0.0,,,,
358.5015580493242,4.031883084738798,308.8474846434198,222.99488307475963,142.09206738853635,0.0,,,,
359.30891208889284,4.0375596590476,309.2389116800773,223.70100305052955,142.35908066272182,0.0,,,,
360.11626612846146,4.04322559616663,309.66695397694076,224.3855469405057,142.6260939369073,0.0,,,,
360.92362016803,4.0488809358868485,310.1304254222206,225.04661786303816,142.89310721109277,0.0,,,,
361.73097420759865,4.054528005845998,310.6280417294122,225.68238398043098,143.04421795362694,0.0,,,,
362.53832824716727,4.060170986765772,311.15842399607317,226.29108357499248,143.10030425788642,0.0,,,,
363.3456822867359,4.065811756425857,311.7201025247834,226.8710299307821,143.1563905621459,0.0,,,,
364.1530363263045,4.071450316558586,312.3115208956992,227.42061600752632,143.21247686640538,0.0,,,,
364.9603903658731,4.077086668894252,312.9310402794165,227.93831889375184,143.26856317066486,0.0,,,,
365.7677444054417,4.082720815161122,313.57694397819273,228.42270402679677,143.32464947492434,0.0,,,,
366.5750984450103,4.088352757085429,314.24744218294217,228.87242916800585,143.38073577918382,0.0,,,,
367.38245248457895,4.093982496391384,314.9406769328248,229.28624812209443,143.4368220834433,0.0,,,,
368.18980652414757,4.099610034801174,315.65472726368415,229.66301419037467,143.49290838770278,0.0,,,,
369.26504951380764,4.1071019234635875,316.72954544295067,229.6327922061359,143.54899469196226,0.0,,,,
369.956137868312,4.111915286135512,317.415716304301,229.71508839538723,143.60508099622174,0.0,,,,
370.6472262228164,4.116726769270771,318.10489787723,229.76639018158153,143.66116730048122,0.0,,,,
371.3383145773208,4.121536374336646,318.7956908589539,229.7865934024268,143.7172536047407,0.0,,,,
372.0294029318251,4.1263441027987,319.4866926749115,229.77565703764006,143.77333990900019,0.0,,,,
372.72049128632943,4.131149956120782,320.1765003265282,229.73360329223414,143.82942621325967,0.0,,,,
373.4115796408338,4.135953935765031,320.8637132398404,229.6605175514331,143.88551251751915,0.0,,,,
374.10266799533815,4.140756043191872,321.5469361091983,229.5565482073074,143.94159882177863,0.0,,,,
374.7937563498425,4.145556279860028,322.22478173027065,229.42190635748122,143.9976851260381,0.0,,,,
375.48484470434687,4.150355543119397,322.8958738166016,229.25686537652325,144.0,0.0,,,,
376.17593305885123,4.155154767803455,323.5588497939996,229.06176036089155,144.0,0.0,,,,
376.8670214133556,4.159953992487513,324.21236356708573,228.83698744855937,144.0,0.0,,,,
377.55810976786,4.1647532171715715,324.85508825238287,228.5830030147031,144.0,0.0,,,,
379.40780613982616,4.177598330865781,324.4561400971399,226.77684215866262,144.0,0.0,,,,
380.40780613982616,4.184542775310225,324.39767512142487,225.77855269832827,144.0,0.0,,,,
381.40780613982616,4.19148721975467,324.33921014570984,224.78026323799392,144.0,0.0,,,,
382.40780613982616,4.198431664199115,324.2807451699948,223.78197377765957,144.0,0.0,,,,
383.40780613982616,4.205376108643559,324.2222801942798,222.78368431732522,144.0,0.0,,,,
384.40780613982616,4.212320553088004,324.16381521856476,221.78539485699088,144.0,0.0,,,,
385.40780613982616,4.2192649975324485,324.10535024284974,220.78710539665653,144.0,0.0,,,,
386.40780613982616,4.226209441976893,324.0468852671347,219.78881593632218,144.0,0.0,,,,
387.40780613982616,4.233153886421338,323.9884202914197,218.79052647598783,144.0,0.0,,,,
388.40780613982616,4.2400983308657825,323.92995531570466,217.79223701565348,144.0,0.0,,,,
389.40780613982616,4.247042775310227,323.87149033998963,216.79394755531914,144.0,0.0,,,,
390.40780613982616,4.253987219754672,323.8130253642746,215.7956580949848,144.0,0.0,,,,
391.40780613982616,4.260931664199116,323.7545603885596,214.79736863465044,144.0,0.0,,,,
392.40780613982616,4.267876108643561,323.69609541284456,213.7990791743161,144.0,0.0,,,,
393.40780613982616,4.274820553088006,323.63763043712953,212.80078971398174,144.0,0.0,,,,
394.40780613982616,4.28176499753245,323.5791654614145,211.8025002536474,144.0,0.0,,,,
395.40780613982616,4.288709441976895,323.5207004856995,210.80421079331305,144.0,0.0,,,,
395.9329151529349,4.2923560323457055,323.49,210.28,144.0,0.0,,,,
396.9329151529349,4.29930047679015,323.46725004341084,209.2802588137547,144.0,0.0,,,,
397.9329151529349,4.306244921234595,323.4445000868217,208.2805176275094,144.0,0.0,,,,
398.9329151529349,4.313189365679039,323.4217501302325,207.2807764412641,144.0,0.0,,,,
399.9329151529349,4.320133810123484,323.39900017364334,206.2810352550188,144.0,0.0,,,,
400.9329151529349,4.327078254567929,323.3762502170542,205.2812940687735,144.0,0.0,,,,
401.9329151529349,4.334022699012373,323.353500260465,204.2815528825282,144.0,0.0,,,,
402.9329151529349,4.340967143456818,323.33075030387585,203.2818116962829,144.0,0.0,,,,
403.9329151529349,4.347911587901263,323.3080003472867,202.28207051003758,144.0,0.0,,,,
404.9329151529349,4.354856032345707,323.2852503906975,201.28232932379228,144.0,0.0,,,,
405.9329151529349,4.361800476790152,323.26250043410835,200.28258813754698,144.0,0.0,,,,
406.9329151529349,4.368744921234597,323.2397504775192,199.28284695130168,144.0,0.0,,,,
407.9329151529349,4.375689365679041,323.21700052093,198.28310576505638,144.0,0.0,,,,
408.9329151529349,4.382633810123486,323.19425056434085,197.28336457881107,144.0,0.0,,,,
409.9329151529349,4.3895782545679305,323.1715006077517,196.28362339256577,144.0,0.0,,,,
410.9329151529349,4.396522699012375,323.1487506511625,195.28388220632047,144.0,0.0,,,,
411.9329151529349,4.40346714345682,323.12600069457335,194.28414102007517,144.0,0.0,,,,
412.9329151529349,4.410411587901264,323.1032507379842,193.28439983382987,144.0,0.0,,,,
413.9329151529349,4.417356032345709,323.080500781395,192.28465864758456,144.0,0.0,,,,
414.9329151529349,4.424300476790154,323.05775082480585,191.28491746133926,144.0,0.0,,,,
415.9329151529349,4.431244921234598,323.0350008682167,190.28517627509396,144.0,0.0,,,,
416.9329151529349,4.438189365679043,323.0122509116275,189.28543508884866,144.0,0.0,,,,
417.9329151529349,4.445133810123488,322.98950095503835,188.28569390260336,144.0,0.0,,,,
418.9329151529349,4.452078254567932,322.9667509984492,187.28595271635805,144.0,0.0,,,,
419.9329151529349,4.459022699012377,322.94400104186,186.28621153011275,144.0,0.0,,,,
420.9329151529349,4.4659671434568216,322.92125108527085,185.28647034386745,144.0,0.0,,,,
421.9329151529349,4.472911587901266,322.8985011286817,184.28672915762215,144.0,0.0,,,,
422.9329151529349,4.479856032345711,322.8757511720925,183.28698797137685,144.0,0.0,,,,
423.9329151529349,4.4868004767901555,322.85300121550335,182.28724678513154,144.0,0.0,,,,
424.9329151529349,4.4937449212346,322.8302512589142,181.28750559888624,144.0,0.0,,,,
425.9329151529349,4.500689365679045,322.807501302325,180.28776441264094,144.0,0.0,,,,
426.9329151529349,4.507633810123489,322.78475134573586,179.28802322639564,144.0,0.0,,,,
427.9329151529349,4.514578254567934,322.7620013891467,178.28828204015034,144.0,0.0,,,,
428.9329151529349,4.521522699012379,322.7392514325575,177.28854085390503,144.0,0.0,,,,
429.9329151529349,4.528467143456823,322.71650147596836,176.28879966765973,144.0,0.0,,,,
430.9329151529349,4.535411587901268,322.6937515193792,175.28905848141443,144.0,0.0,,,,
431.9329151529349,4.542356032345713,322.67100156279,174.28931729516913,144.0,0.0,,,,
432.9329151529349,4.549300476790157,322.64825160620086,173.28957610892382,144.0,0.0,,,,
433.9329151529349,4.556244921234602,322.6255016496117,172.28983492267852,144.0,0.0,,,,
434.9329151529349,4.5631893656790465,322.6027516930225,171.29009373643322,144.0,0.0,,,,
435.9329151529349,4.570133810123491,322.58000173643336,170.29035255018792,144.0,0.0,,,,
436.9329151529349,4.577078254567936,322.5572517798442,169.29061136394262,144.0,0.0,,,,
437.9329151529349,4.5840226990123805,322.534501823255,168.29087017769731,144.0,0.0,,,,
438.9329151529349,4.590967143456825,322.51175186666586,167.291128991452,144.0,0.0,,,,
439.9329151529349,4.59791158790127,322.4890019100767,166.2913878052067,144.0,0.0,,,,
440.9329151529349,4.604856032345714,322.46625195348753,165.2916466189614,144.0,0.0,,,,
441.9329151529349,4.611800476790159,322.44350199689836,164.2919054327161,144.0,0.0,,,,
442.9329151529349,4.618744921234604,322.4207520403092,163.2921642464708,144.0,0.0,,,,
443.9329151529349,4.625689365679048,322.39800208372003,162.2924230602255,144.0,0.0,,,,
444.9329151529349,4.632633810123493,322.37525212713086,161.2926818739802,144.0,0.0,,,,
445.9329151529349,4.639578254567938,322.3525021705417,160.2929406877349,144.0,0.0,,,,
446.9329151529349,4.646522699012382,322.32975221395253,159.2931995014896,144.0,0.0,,,,
447.9329151529349,4.653467143456827,322.30700225736337,158.2934583152443,144.0,0.0,,,,
448.9329151529349,4.6604115879012715,322.2842523007742,157.293717128999,144.0,0.0,,,,
449.9329151529349,4.667356032345716,322.26150234418503,156.2939759427537,144.0,0.0,,,,
450.9329151529349,4.674300476790161,322.23875238759587,155.2942347565084,144.0,0.0,,,,
451.9329151529349,4.6812449212346054,322.2160024310067,154.29449357026309,144.0,0.0,,,,
452.9329151529349,4.68818936567905,322.19325247441753,153.29475238401778,144.0,0.0,,,,
453.9329151529349,4.695133810123495,322.17050251782837,152.29501119777248,144.0,0.0,,,,
454.9329151529349,4.702078254567939,322.1477525612392,151.29527001152718,144.0,0.0,,,,
455.9329151529349,4.709022699012384,322.12500260465004,150.29552882528188,144.0,0.0,,,,
456.9329151529349,4.715967143456829,322.10225264806087,149.29578763903658,144.0,0.0,,,,
457.9329151529349,4.722911587901273,322.0795026914717,148.29604645279127,144.0,0.0,,,,
458.9329151529349,4.729856032345718,322.05675273488254,147.29630526654597,144.0,0.0,,,,
459.9329151529349,4.736800476790163,322.03400277829337,146.29656408030067,144.0,0.0,,,,
460.9329151529349,4.743744921234607,322.0112528217042,145.29682289405537,144.0,0.0,,,,
461.9329151529349,4.750689365679052,321.98850286511504,144.29708170781007,144.0,0.0,,,,
462.9329151529349,4.7576338101234965,321.9657529085259,143.29734052156476,144.0,0.0,,,,
463.9329151529349,4.764578254567941,321.9430029519367,142.29759933531946,144.0,0.0,,,,
464.9329151529349,4.771522699012386,321.92025299534754,141.29785814907416,144.0,0.0,,,,
465.9329151529349,4.77846714345683,321.8975030387584,140.29811696282886,144.0,0.0,,,,
466.9329151529349,4.785411587901275,321.8747530821692,139.29837577658355,144.0,0.0,,,,
467.9329151529349,4.79235603234572,321.85200312558004,138.29863459033825,144.0,0.0,,,,
468.9329151529349,4.799300476790164,321.8292531689909,137.29889340409295,144.0,0.0,,,,
469.9329151529349,4.806244921234609,321.8065032124017,136.29915221784765,144.0,0.0,,,,
470.8680938824694,4.812739217967487,321.80035331591216,135.36399370992137,144.0,0.0,,,,
471.80327261200387,4.8192335147003655,321.8244550468203,134.42912561080743,144.0,0.0,,,,
472.73845134153834,4.825727811433244,321.87878318214007,133.4955262803201,144.0,0.0,,,,
473.6736300710728,4.832222108166122,321.9632808662954,132.56417275047974,144.0,0.0,,,,
474.6088088006073,4.838716404899,322.07785967062057,131.63603970302742,144.0,0.0,,,,
475.54398753014175,4.845210701631879,322.222399685903,130.71209844939932,144.0,0.0,,,,
476.4791662596762,4.8516995145734505,322.3967496478704,129.79331591422812,144.24339303822413,0.0,,,,
477.4143449892107,4.858177387668684,322.60072709549286,128.8806536234353,144.48678607644825,0.0,,,,
478.34952371874516,4.8646443577436695,322.83411856193146,127.97506669797352,144.73017911467238,0.0,,,,
479.3539479158287,4.871578504731334,323.25657893254805,127.06380647007734,144.9735721528965,0.0,,,,
480.3539479158287,4.878470528221503,323.65072366568506,126.14475808759667,145.21696519112064,0.0,,,,
481.3539479158287,4.885351009906367,324.0448683988221,125.225709705116,145.46035822934476,0.0,,,,
482.3539479158287,4.892219988378527,324.4390131319591,124.30666132263534,145.7037512675689,0.0,,,,
483.3539479158287,4.8990775020373425,324.8331578650961,123.38761294015467,145.94714430579302,0.0,,,,
484.3539479158287,4.905923589090219,325.2273025982331,122.468564557674,146.19053734401714,0.0,,,,
485.3539479158287,4.912758287553886,325.6214473313701,121.54951617519333,146.43393038224127,0.0,,,,
486.3539479158287,4.919581635255664,326.01559206450713,120.63046779271266,146.6773234204654,0.0,,,,
487.3539479158287,4.92639366983472,326.40973679764414,119.711419410232,146.92071645868953,0.0,,,,
488.3539479158287,4.933194428743314,326.80388153078115,118.79237102775133,147.16410949691365,0.0,,,,
489.3539479158287,4.939983949248034,327.19802626391817,117.87332264527066,147.40750253513778,0.0,,,,
490.3539479158287,4.94676226843102,327.5921709970552,116.95427426279,147.6508955733619,0.0,,,,
491.23011938282923,4.952691456344651,327.9496726951007,116.15435615730642,147.89428861158603,0.0,,,,
492.10629084982975,4.9586108944798415,328.33125195540913,115.3656396634455,148.13768164981016,0.0,,,,
492.98246231683027,4.964520614848439,328.7365582505587,114.58884931418903,148.3810746880343,0.0,,,,
493.8586337838308,4.97042064930489,329.16521925693127,113.82469868689002,148.62446772625842,0.0,,,,
494.7348052508313,4.976311029547269,329.6168411967379,113.07388974776426,148.86786076448254,0.0,,,,
495.6109767178318,4.982191787118302,330.0910091997517,112.33711220704812,149.11125380270667,0.0,,,,
496.48714818483234,4.988062953406384,330.58728768441745,111.61504288541501,149.3546468409308,0.0,,,,
497.36331965183285,4.993924559646578,331.10522075798644,110.90834509223238,149.59803987915492,0.0,,,,
498.23949111883337,4.999776636921613,331.6443326353102,110.21766801623068,149.84143291737905,0.0,,,,
499.1156625858339,5.005619216162876,332.20412807590753,109.54364612914367,150.08482595560318,0.0,,,,
499.9918340528344,5.011452328151392,332.7840928389035,108.88689860286829,150.3282189938273,0.0,,,,
500.8680055198349,5.017276003518794,333.3836941554233,108.24802874067916,150.57161203205143,0.0,,,,
501.74417698683544,5.023090272748294,334.00238121800555,107.62762342302042,150.81500507027556,0.0,,,,
502.62034845383596,5.028895166175634,334.6395856865866,107.026252568384,151.0583981084997,0.0,,,,
503.4965199208365,5.034690713990038,335.294722210591,106.44446860976937,151.30179114672382,0.0,,,,
504.372691387837,5.040476946235158,335.96718896664754,105.88280598720613,151.54518418494794,0.0,,,,
505.2488628548375,5.046253892810001,336.6563682114382,105.34178065680501,151.78857722317207,0.0,,,,
506.12503432183803,5.052025651580252,337.3616268491711,104.82188961678901,151.81782833781014,0.0,,,,
507.00120578883855,5.057792501726158,338.08231701315697,104.32361045093928,152.0470007570268,0.0,,,,
507.87737725583906,5.063550666348827,338.81777666095394,103.84740088987591,152.27617317624347,0.0,,,,
508.7535487228396,5.06930017157166,339.5673301825352,103.39369839057606,152.50534559546014,0.0,,,,
509.6297201898401,5.075041043400378,340.3302890209196,102.96291973451596,152.7345180146768,0.0,,,,
510.5058916568406,5.080773307723725,341.1059523046959,102.55546064480603,152.96369043389348,0.0,,,,
511.38206312384114,5.086496990314175,341.8936074918591,102.17169542267047,153.19286285311014,0.0,,,,
512.2582345908417,5.092212116828621,342.692531024368,101.81197660360573,153.4220352723268,0.0,,,,
513.1344060578422,5.09791871280907,343.501988992822,101.47663463353324,153.65120769154348,0.0,,,,
514.0105775248427,5.103616803683324,344.32123781064723,101.16597756524433,153.88038011076014,0.0,,,,
514.8867489918432,5.109306414765661,345.1495248971718,100.88029077541586,154.1095525299768,0.0,,,,
515.7629204588437,5.114987571257513,345.9860893689639,100.61983670245671,154.33872494919348,0.0,,,,
516.6390919258442,5.120660298248128,346.8301627387966,100.38485460542579,154.56789736841014,0.0,,,,
517.5152633928448,5.126324620715246,347.68096962159785,100.17556034424332,154.7970697876268,0.0,,,,
518.3914348598453,5.131980563525747,348.53772844673665,99.99214618139692,155.02624220684348,0.0,,,,
519.2676063268458,5.137628151436317,349.39965217599195,99.83478060532487,155.25541462606014,0.0,,,,
520.1437777938463,5.143267409094088,350.2659490265438,99.70360817563883,155.4845870452768,0.0,,,,
521.147044000193,5.1497151696146615,351.2682624134608,99.65989370201358,155.71375946449348,0.0,,,,
522.147044000193,5.156132487309168,352.26404255542906,99.56812274330849,155.94293188371014,0.0,,,,
523.147044000193,5.162540381092292,353.25982269739734,99.47635178460341,156.1721043029268,0.0,,,,
524.147044000193,5.168938878601712,354.2556028393656,99.38458082589833,156.40127672214348,0.0,,,,
525.147044000193,5.175328007353704,355.2513829813339,99.29280986719324,156.63044914136015,0.0,,,,
526.147044000193,5.18170779474385,356.2471631233022,99.20103890848816,156.8596215605768,0.0,,,,
527.147044000193,5.188078268047745,357.24294326527047,99.10926794978307,157.08879397979348,0.0,,,,
528.147044000193,5.194439454421697,358.23872340723875,99.01749699107799,157.31796639901015,0.0,,,,
529.147044000193,5.2007913809034205,359.23450354920703,98.9257260323729,157.5471388182268,0.0,,,,
530.147044000193,5.207134074412727,360.2302836911753,98.83395507366782,157.77631123744348,0.0,,,,
531.147044000193,5.213467561752206,361.2260638331436,98.74218411496274,158.00548365666015,0.0,,,,
532.147044000193,5.219791869607912,362.2218439751119,98.65041315625766,158.2346560758768,0.0,,,,
533.147044000193,5.226107024550031,363.21762411708016,98.55864219755257,158.46382849509348,0.0,,,,
534.147044000193,5.2324130530335555,364.21340425904845,98.46687123884749,158.69300091431015,0.0,,,,
535.147044000193,5.238709981398947,365.2091844010167,98.3751002801424,158.9221733335268,0.0,,,,
536.147044000193,5.244997835872797,366.204964542985,98.28332932143732,159.15134575274348,0.0,,,,
537.147044000193,5.2512766425684845,367.2007446849533,98.19155836273225,159.38051817196015,0.0,,,,
538.0890656350502,5.257182915607459,368.13996402099735,98.1189512050948,159.60969059117681,0.0,,,,
539.0310872699076,5.263080714324885,369.0809161166872,98.07407455018117,159.83886301039348,0.0,,,,
539.973108904765,5.268970063003835,370.0227824061582,98.05696743770233,160.06803542961015,0.0,,,,
540.9151305396224,5.27485098582316,370.96474352825805,98.06764474971055,160.29720784882682,0.0,,,,
541.8571521744797,5.280723506858079,371.90598003933616,98.10609719765316,160.52638026804348,0.0,,,,
542.799173809337,5.286587650080776,372.84567312610557,98.17229133045284,160.75555268726015,0.0,,,,
543.7411954441943,5.29244343936098,373.7830053179559,98.26616956360792,160.98472510647682,0.0,,,,
544.6832170790517,5.298290898466557,374.7171611980987,98.387650229287,161.21389752569348,0.0,,,,
545.625238713909,5.304130051064079,375.64732811292595,98.53662764737463,161.44306994491015,0.0,,,,
546.5672603487664,5.309960920719408,376.57269687896456,98.71297221740593,161.67224236412682,0.0,,,,
547.5092819836237,5.3157835308982575,377.49246248681237,98.91653053131043,161.90141478334348,0.0,,,,
548.451303618481,5.321597904966769,378.405824801443,99.14712550686684,162.13058720256015,0.0,,,,
549.3933252533384,5.327404131613514,379.3119892582701,99.40455654175292,162.35610343856524,0.0,,,,
550.3353468881957,5.333202457857822,380.2101675543658,99.68859968805617,162.57271055566255,0.0,,,,
551.277368523053,5.338993063725302,381.0995783342321,99.99900784709357,162.78931767275986,0.0,,,,
552.2193901579104,5.344775969747728,381.9794478695279,100.3355109843711,163.00592478985718,0.0,,,,
553.1614117927677,5.350551196375077,382.84901073216173,100.69781636449582,163.2225319069545,0.0,,,,
554.1034334276251,5.356318763975969,383.7075104601632,101.08560880583619,163.4391390240518,0.0,,,,
555.0454550624825,5.362078692838089,384.5542002157546,101.49855095470926,163.6557461411491,0.0,,,,
555.9874766973397,5.367831003168621,385.3883434350503,101.93628357885586,163.87235325824642,0.0,,,,
556.9294983321971,5.373575715094673,386.2092144688185,102.3984258799489,164.08896037534373,0.0,,,,
557.8715199670544,5.379312848663699,387.0160992137478,102.88457582486264,164.30556749244104,0.0,,,,
558.8135416019118,5.385042423843918,387.80829573366975,103.39431049541474,164.52217460953835,0.0,,,,
559.8240437528283,5.391180425519918,388.5332424334897,104.09827560777975,164.73878172663566,0.0,,,,
560.8240437528283,5.39724665349277,389.29717356380695,104.74357339030519,164.95538884373298,0.0,,,,
561.8240437528283,5.403304920973924,390.0611046941242,105.38887117283062,165.1719959608303,0.0,,,,
562.8240437528283,5.409355248828532,390.82503582444144,106.03416895535605,165.3886030779276,0.0,,,,
563.8240437528283,5.415397657839817,391.5889669547587,106.67946673788148,165.6052101950249,0.0,,,,
564.8240437528283,5.421432168709504,392.35289808507594,107.32476452040692,165.82181731212222,0.0,,,,
565.8240437528283,5.427458802058247,393.1168292153932,107.97006230293235,166.03842442921953,0.0,,,,
566.8240437528283,5.4334775784260465,393.8807603457104,108.61536008545778,166.25503154631684,0.0,,,,
567.8240437528283,5.439488518272676,394.6446914760277,109.26065786798321,166.47163866341415,0.0,,,,
568.7135025253151,5.4448280493147845,395.31611868853884,109.84402945304132,166.68824578051147,0.0,,,,
569.6029612978019,5.450160646278039,395.9710408543492,110.44587151262508,166.90485289760878,0.0,,,,
570.4924200702887,5.455486327148698,396.60895004131567,111.065717281456,167.1214600147061,0.0,,,,
571.3818788427756,5.460805109843126,397.2293515118993,111.70308603127934,167.3380671318034,0.0,,,,
572.2713376152624,5.466117012208162,397.83176410686485,112.35748344369831,167.5546742489007,0.0,,,,
573.1607963877492,5.471422052021473,398.41572061844874,113.0284019935481,167.77128136599802,0.0,,,,
574.050255160236,5.476720246991913,398.9807681527074,113.71532134251275,167.98788848309533,0.0,,,,
574.9397139327228,5.4820116147598785,399.5264684807641,114.41770874267917,168.20449560019264,0.0,,,,
575.8291727052097,5.487296172897659,400.0523983786824,115.1350194497158,168.42110271728995,0.0,,,,
576.7186314776965,5.492573938909787,400.55814995570205,115.86669714535503,168.63770983438727,0.0,,,,
577.6080902501833,5.4978449302333905,401.043330970583,116.6121743688521,168.85431695148458,0.0,,,,
578.4975490226701,5.503109164238532,401.5075651358127,117.37087295708542,169.0709240685819,0.0,,,,
579.3870077951569,5.508366658228558,401.95049240944,118.14220449295755,169.2875311856792,0.0,,,,
580.2764665676438,5.513617429440435,402.37176927430966,118.92557076174843,169.5041383027765,0.0,,,,
581.1659253401306,5.518861495045092,402.7710690044808,119.7203642150676,169.72074541987382,0.0,,,,
582.0553841126174,5.524098872147756,403.14808191862295,120.52596844204498,169.93735253697113,0.0,,,,
582.9448428851042,5.529331285756416,403.5025156201927,121.34175864739518,170.04294680894836,0.0,,,,
583.834301657591,5.534560566163447,403.83409522420527,122.16710213598441,170.14105682217775,0.0,,,,
584.7237604300778,5.539786832031241,404.1425635704244,123.00135880352421,170.23916683540713,0.0,,,,
585.6132192025647,5.545010086833396,404.4276814228059,123.8438816330114,170.33727684863652,0.0,,,,
586.5026779750515,5.550230334037511,404.68922765503993,124.69401719652933,170.4353868618659,0.0,,,,
587.3921367475383,5.555447577105198,404.9269994220478,125.55110616202109,170.5334968750953,0.0,,,,
588.2815955200251,5.560661819492096,405.1408123173008,126.4144838046418,170.63160688832468,0.0,,,,
589.1710542925119,5.565873064647885,405.3305005158386,127.28348052229339,170.72971690155407,0.0,,,,
590.0605130649988,5.5710813160163,405.49591690287696,128.15742235494187,170.82782691478346,0.0,,,,
590.9499718374856,5.576286577035142,405.63693318790376,129.03563150731446,170.92593692801285,0.0,,,,
591.8394306099724,5.581488851136298,405.7534400041766,129.91742687457136,171.02404694124223,0.0,,,,
592.7288893824592,5.586688141745746,405.845346993543,130.80212457054404,171.12215695447162,0.0,,,,
593.7388139795828,5.59258822614401,405.6733224093359,131.79729050359416,171.220266967701,0.0,,,,
594.7388139795828,5.5984269834209845,405.54276594344725,132.78873137889366,171.3183769809304,0.0,,,,
595.7388139795828,5.604262397935877,405.4122094775586,133.78017225419316,171.41648699415978,0.0,,,,
596.7388139795828,5.610094473514045,405.2816530116699,134.77161312949266,171.51459700738917,0.0,,,,
597.7388139795828,5.615923213974281,405.15109654578123,135.76305400479217,171.61270702061856,0.0,,,,
598.7388139795828,5.621748623128833,405.02054007989256,136.75449488009167,171.71081703384795,0.0,,,,
599.7388139795828,5.627570704783414,404.8899836140039,137.74593575539117,171.80892704707733,0.0,,,,
600.7388139795828,5.63338946273722,404.7594271481152,138.73737663069068,171.90703706030672,0.0,,,,
601.7388139795828,5.639204900782945,404.62887068222653,139.72881750599018,172.0051470735361,0.0,,,,
602.7388139795828,5.645017022706791,404.49831421633786,140.72025838128968,172.1032570867655,0.0,,,,
603.7388139795828,5.650825832288493,404.3677577504492,141.71169925658918,172.20136709999488,0.0,,,,
604.7388139795828,5.656631333301321,404.2372012845605,142.7031401318887,172.29947711322427,0.0,,,,
605.7388139795828,5.662433529512105,404.10664481867184,143.6945810071882,172.39758712645366,0.0,,,,
606.7388139795828,5.668232424681246,403.97608835278317,144.6860218824877,172.49569713968305,0.0,,,,
607.7388139795828,5.674028022562728,403.8455318868945,145.6774627577872,172.59380715291243,0.0,,,,
608.7388139795828,5.679820326904138,403.7149754210058,146.6689036330867,172.69191716614182,0.0,,,,
609.7388139795828,5.685609341446675,403.58441895511714,147.6603445083862,172.7900271793712,0.0,,,,
610.7388139795828,5.691395069925168,403.45386248922847,148.6517853836857,172.8881371926006,0.0,,,,
611.7388139795828,5.6971775160680895,403.3233060233398,149.6432262589852,172.98624720582998,0.0,,,,
612.7388139795828,5.70295668359757,403.1927495574511,150.6346671342847,173.08435721905937,0.0,,,,
613.7388139795828,5.708732576229412,403.06219309156245,151.62610800958421,173.18246723228876,0.0,,,,
614.7388139795828,5.714505197673105,402.9316366256738,152.61754888488372,173.28057724551815,0.0,,,,
615.7388139795828,5.7202745516318405,402.8010801597851,153.60898976018322,173.37868725874753,0.0,,,,
616.7388139795828,5.726040641802523,402.6705236938964,154.60043063548272,173.47679727197692,0.0,,,,
617.7388139795828,5.731803471875788,402.53996722800775,155.59187151078223,173.5749072852063,0.0,,,,
618.7388139795828,5.737563045536014,402.4094107621191,156.58331238608173,173.6730172984357,0.0,,,,
619.7388139795828,5.7433193664613365,402.2788542962304,157.57475326138123,173.77112731166508,0.0,,,,
620.7388139795828,5.749072438323664,402.14829783034173,158.56619413668074,173.86923732489447,0.0,,,,
621.7388139795828,5.754822264788691,402.01774136445306,159.55763501198024,173.96734733812386,0.0,,,,
622.7388139795828,5.760568849515911,401.8871848985644,160.54907588727974,174.06545735135325,0.0,,,,
623.7388139795828,5.766312196158632,401.7566284326757,161.54051676257924,174.16356736458263,0.0,,,,
624.7388139795828,5.772052308363988,401.62607196678704,162.53195763787875,174.26167737781202,0.0,,,,
625.7388139795828,5.777789189772957,401.49551550089836,163.52339851317825,174.3597873910414,0.0,,,,
626.7388139795828,5.783522844020371,401.3649590350097,164.51483938847775,174.4578974042708,0.0,,,,
627.7388139795828,5.789253274734934,401.234402569121,165.50628026377726,174.55600741750018,0.0,,,,
628.7388139795828,5.794980485539229,401.10384610323234,166.49772113907676,174.65411743072957,0.0,,,,
629.7388139795828,5.800704480049739,400.97328963734367,167.48916201437626,174.75222744395896,0.0,,,,
630.7388139795828,5.806425261876856,400.842733171455,168.48060288967577,174.85033745718835,0.0,,,,
631.7388139795828,5.812142834624897,400.7121767055663,169.47204376497527,174.94844747041773,0.0,,,,
632.7388139795828,5.817857201892116,400.58162023967765,170.46348464027477,175.04655748364712,0.0,,,,
633.7388139795828,5.823568367270721,400.451063773789,171.45492551557427,175.1446674968765,0.0,,,,
634.7388139795828,5.829276334346882,400.3205073079003,172.44636639087378,175.2427775101059,0.0,,,,
635.7388139795828,5.834981106700749,400.1899508420116,173.43780726617328,175.34088752333528,0.0,,,,
636.7388139795828,5.840682687906463,400.05939437612295,174.42924814147278,175.43899753656467,0.0,,,,
637.7388139795828,5.84638108153217,399.9288379102343,175.4206890167723,175.53710754979406,0.0,,,,
638.7388139795828,5.852076291140039,399.7982814443456,176.4121298920718,175.63521756302345,0.0,,,,
639.7388139795828,5.857768320286265,399.66772497845693,177.4035707673713,175.73332757625283,0.0,,,,
640.7388139795828,5.863457172521094,399.53716851256826,178.3950116426708,175.83143758948222,0.0,,,,
641.7388139795828,5.869142851388826,399.4066120466796,179.3864525179703,175.9295476027116,0.0,,,,
642.7388139795828,5.874825360427837,399.2760555807909,180.3778933932698,176.027657615941,0.0,,,,
643.7388139795828,5.880504703170586,399.14549911490224,181.3693342685693,176.12576762917038,0.0,,,,
644.7388139795828,5.886180883143631,399.01494264901356,182.3607751438688,176.22387764239977,0.0,,,,
645.7388139795828,5.891853903867641,398.8843861831249,183.3522160191683,176.32198765562916,0.0,,,,
646.7388139795828,5.897523768857412,398.7538297172362,184.3436568944678,176.42009766885855,0.0,,,,
647.7388139795828,5.903190481621874,398.62327325134754,185.33509776976732,176.51820768208793,0.0,,,,
648.7388139795828,5.908854045664111,398.49271678545887,186.32653864506682,176.61631769531732,0.0,,,,
649.7388139795828,5.91451446448137,398.3621603195702,187.31797952036632,176.7144277085467,0.0,,,,
650.7388139795828,5.920171741565073,398.2316038536815,188.30942039566582,176.8125377217761,0.0,,,,
651.7388139795828,5.925825880400834,398.10104738779285,189.30086127096533,176.91064773500548,0.0,,,,
652.7388139795828,5.931476884468466,397.9704909219042,190.29230214626483,177.00875774823487,0.0,,,,
653.7388139795828,5.937124757242002,397.8399344560155,191.28374302156433,177.10686776146426,0.0,,,,
654.7388139795828,5.942769502189701,397.7093779901268,192.27518389686384,177.20497777469365,0.0,,,,
655.7388139795828,5.948411122774061,397.57882152423815,193.26662477216334,177.30308778792303,0.0,,,,
656.7388139795828,5.954049622451838,397.4482650583495,194.25806564746284,177.40119780115242,0.0,,,,
657.7388139795828,5.959685004674051,397.3177085924608,195.24950652276235,177.4993078143818,0.0,,,,
658.7388139795828,5.965317272885998,397.18715212657213,196.24094739806185,177.5974178276112,0.0,,,,
659.7388139795828,5.970946430527271,397.05659566068346,197.23238827336135,177.69552784084058,0.0,,,,
660.7388139795828,5.9765724810317655,396.9260391947948,198.22382914866085,177.79363785406997,0.0,,,,
661.7388139795828,5.982195427827692,396.7954827289061,199.21527002396036,177.89174786729936,0.0,,,,
662.7388139795828,5.987815274337594,396.66492626301743,200.20671089925986,177.98985788052875,0.0,,,,
663.3411003538004,5.991198166113614,396.59894718384805,200.8053724377606,178.08796789375813,0.0,,,,
663.9433867280179,5.99457919474209,396.5583576686016,201.40628954337518,178.18607790698752,0.0,,,,
664.5456731022355,5.9979583622741695,396.54323041693794,202.0083859167451,178.2841879202169,0.0,,,,
665.147959476453,6.0013356707576175,396.5535925231953,202.61058314633195,178.3822979334463,0.0,,,,
665.7502458506706,6.004711122236819,396.58942542786144,203.21180263995413,178.48040794667568,0.0,,,,
666.3525322248881,6.008084718752791,396.65066495081584,203.8109675566477,178.57851795990507,0.0,,,,
666.9548185991057,6.011456462343185,396.73720140628205,204.40700473539033,178.67662797313446,0.0,,,,
667.5571049733232,6.014826355042299,396.84887979928567,204.99884661723402,178.77473798636385,0.0,,,,
668.1593913475408,6.01819439888108,396.9855001032644,205.58543315740425,178.87284799959323,0.0,,,,
668.7616777217584,6.021560595887138,397.14681761833526,206.16571372394037,178.97095801282262,0.0,,,,
669.3639640959759,6.024924948084744,397.3325434095746,206.73864897947686,179.069068026052,0.0,,,,
669.9662504701935,6.028287457494849,397.5423448245283,207.30321274279467,179.1671780392814,0.0,,,,
670.568536844411,6.031648126135079,397.7758460890234,207.858393826809,179.26528805251078,0.0,,,,
671.1708232186286,6.035006956019752,398.0326289802156,208.4031978497008,179.36339806574017,0.0,,,,
671.7731095928461,6.038363949159881,398.3122335756654,208.9366490159489,179.46150807896956,0.0,,,,
672.3753959670637,6.04171910756318,398.61415907710335,209.45779186407174,179.55961809219895,0.0,,,,
672.9776823412813,6.045072433234075,398.9378647074064,209.96569297794946,179.65772810542833,0.0,,,,
673.5799687154988,6.048423928173706,399.28277067918134,210.45944265866035,179.75583811865772,0.0,,,,
674.1822550897164,6.0517735943799424,399.6482592332187,210.93815655383764,179.8539481318871,0.0,,,,
674.7845414639339,6.05512143384738,400.0336757449578,211.40097724162828,179.9520581451165,0.0,,,,
675.3868278381515,6.058467914916672,400.4383298969815,211.8470757664164,180.0,0.0,,,,
675.989114212369,6.061813950328991,400.8614969154396,212.27565312356137,180.0,0.0,,,,
676.5914005865866,6.065159985741311,401.30241886818783,212.6859416904906,180.0,0.0,,,,
677.1936869608041,6.068506021153631,401.76030602231543,213.07720660158412,180.0,0.0,,,,
677.7959733350217,6.071852056565951,402.23433825863196,213.44874706438847,180.0,0.0,,,,
678.3982597092393,6.075198091978271,402.72366654057805,213.79989761480212,180.0,0.0,,,,
679.0005460834568,6.0785441273905905,403.2274144349302,214.1300293089848,180.0,0.0,,,,
679.6028324576744,6.08189016280291,403.7446796815756,214.43855084985518,180.0,0.0,,,,
680.2051188318919,6.08523619821523,404.2745358095452,214.72490964616,180.0,0.0,,,,
680.8074052061095,6.08858223362755,404.81603379641115,214.9885928022172,180.0,0.0,,,,
681.409691580327,6.09192826903987,405.3682037680752,215.2291280365606,180.0,0.0,,,,
682.0119779545446,6.0952743044521895,405.93005673590534,215.44608452784067,180.0,0.0,,,,
682.6142643287621,6.098620339864509,406.50058636810786,215.63907368646628,180.0,0.0,,,,
683.2165507029797,6.101966375276829,407.0787707921625,215.8077498506054,180.0,0.0,,,,
683.8188370771973,6.105312410689149,407.6635744250932,215.95181090529817,180.0,0.0,,,,
684.4211234514148,6.108658446101469,408.25394982829476,216.07099882357332,180.0,0.0,,,,
700.7702336585666,6.1994868361412,408.21235604329723,199.7219415258989,180.0,0.0,,,,
701.7702336585666,6.205042391696756,408.1600032960033,198.72331287126758,180.0,0.0,,,,
702.7702336585666,6.210597947252311,408.1076505487094,197.72468421663626,180.0,0.0,,,,
703.7407143099034,6.215989506426405,408.07965353298727,196.75460748682056,180.0,0.0,,,,
704.7111949612403,6.221381065600499,408.09731098861346,195.7842874834814,180.0,0.0,,,,
705.6816756125771,6.226772624774593,408.1605838374979,194.81587164242274,180.0,0.0,,,,
706.652156263914,6.232164183948687,408.2693320491552,193.85150318530657,180.0,0.0,,,,
707.6226369152508,6.2375557431227815,408.4233149506088,192.8933163764435,180.0,0.0,,,,
708.5931175665877,6.2429473022968756,408.6221917590298,191.9434317994071,180.0,0.0,,,,
709.5635982179246,6.24833886147097,408.86552233593034,191.0039516639255,180.0,0.0,,,,
710.5340788692614,6.253730420645064,409.15276816124356,190.07695515343616,180.0,0.0,,,,
711.5045595205983,6.259121979819158,409.4832935251339,189.16449382360108,180.0,0.0,,,,
712.5146109180538,6.264733376471688,409.9934112326492,188.29272335496776,180.0,0.0,,,,
713.5146109180538,6.270288932027244,410.422093479179,187.38926802596131,180.0,0.0,,,,
714.5146109180538,6.275844487582799,410.85077572570884,186.48581269695487,180.0,0.0,,,,
715.5146109180538,6.281400043138355,411.2794579722387,185.58235736794842,180.0,0.0,,,,
716.5146109180538,6.28695559869391,411.7081402187685,184.67890203894197,180.0,0.0,,,,
717.5146109180538,6.292511154249466,412.13682246529834,183.77544670993552,180.0,0.0,,,,
718.5146109180538,6.298066709805021,412.56550471182817,182.87199138092907,180.0,0.0,,,,
719.5146109180538,6.303622265360577,412.994186958358,181.96853605192263,180.0,0.0,,,,
720.384543873634,6.308455226224911,413.38128422654785,181.18947311982765,180.0,0.0,,,,
721.2544768292142,6.313288187089245,413.7963408865726,180.42493972214405,180.0,0.0,,,,
722.1244097847945,6.31812114795358,414.2388124196279,179.67593886123655,180.0,0.0,,,,
722.9943427403747,6.322954108817914,414.7081183409432,178.94345316211138,180.0,0.0,,,,
723.8642756959549,6.327787069682248,415.20364296132783,178.2284435832964,180.0,0.0,,,,
724.7342086515351,6.3326200305465825,415.7247361949026,177.53184815614583,180.0,0.0,,,,
725.6041416071154,6.337452991410917,416.2707144119567,176.8545807542233,180.0,0.0,,,,
726.4740745626956,6.342285952275251,416.8408613358116,176.19752989437808,180.0,0.0,,,,
727.3440075182758,6.347118913139585,417.4344289825144,175.56155757108706,180.0,0.0,,,,
728.213940473856,6.35195187400392,418.05063864212906,174.94749812559166,180.0,0.0,,,,
729.0838734294363,6.356784834868254,418.68868190033686,174.35615715131365,180.0,0.0,,,,
729.9538063850165,6.361617795732588,419.3477216990071,173.7883104369856,180.0,0.0,,,,
730.8237393405967,6.366450756596922,420.0268934343455,173.2447029488823,180.0,0.0,,,,
731.6936722961768,6.371283717461257,420.72530609118024,172.72604785348898,180.0,0.0,,,,
732.563605251757,6.376116678325591,421.44204341189806,172.23302558188783,180.0,0.0,,,,
733.4335382073373,6.381006787532096,422.17616509849523,171.76628293709066,175.79285404222077,0.0,,,,
734.3034711629175,6.386015346207993,422.92670804616836,171.32643224548883,171.58570808444153,0.0,,,,
735.1734041184977,6.391148235022725,423.6926876068254,170.91405055353331,167.3785621266623,0.0,,,,
736.043337074078,6.396411783730645,424.4730988808597,170.52967887069923,163.17141616888307,0.0,,,,
736.9132700296582,6.401812818092011,425.26691803549204,170.17382145972775,158.96427021110384,0.0,,,,
737.7832029852384,6.407358713086296,426.07310364795177,169.84694517507646,154.7571242533246,0.0,,,,
738.6531359408186,6.413057453458318,426.8905980717343,169.5494788504464,150.54997829554537,0.0,,,,
739.5230688963989,6.418917702844112,427.7183288241428,169.28181273618884,146.34283233776614,0.0,,,,
740.3930018519791,6.424948882978057,428.5552099932936,169.04429798733037,142.1356863799869,0.0,,,,
741.2629348075593,6.431161264798565,429.4001436627396,168.83724620288737,137.92854042220767,0.0,,,,
742.1328677631395,6.437566073663645,430.25202135184276,168.66092901707503,133.72139446442844,0.0,,,,
743.190713191151,6.4456033243647415,431.2887802715862,168.871090602283,129.5142485066492,0.0,,,,
744.190713191151,6.45345196024912,432.2886786275517,168.88534815247326,125.30710254886998,0.0,,,,
745.190713191151,6.461568610831212,433.2885769835172,168.8996057026635,121.09995659109074,0.0,,,,
746.190713191151,6.469972227560095,434.2884753394827,168.91386325285376,116.89281063331151,0.0,,,,
747.190713191151,6.478683845656301,435.28837369544823,168.928120803044,112.68566467553228,0.0,,,,
748.190713191151,6.487726901223954,436.28827205141374,168.94237835323426,108.47851871775305,0.0,,,,
749.190713191151,6.497127611072068,437.28817040737925,168.9566359034245,104.27137275997381,0.0,,,,
750.190713191151,6.50691543073876,438.28806876334477,168.97089345361476,100.06422680219458,0.0,,,,
751.190713191151,6.517123610869977,439.2879671193103,168.98515100380502,95.85708084441535,0.0,,,,
752.190713191151,6.527789878434432,440.2878654752758,168.99940855399527,91.64993488663612,0.0,,,,
753.190713191151,6.5389572779657525,441.2877638312413,169.01366610418552,87.44278892885688,0.0,,,,
754.190713191151,6.5506752201669824,442.2876621872068,169.02792365437577,83.23564297107765,0.0,,,,
755.190713191151,6.563000802394778,443.28756054317233,169.04218120456602,79.02849701329842,0.0,,,,
756.190713191151,6.5760004902404585,444.28745889913785,169.05643875475627,74.82135105551919,0.0,,,,
757.190713191151,6.589752285557227,445.28735725510336,169.07069630494652,70.61420509773995,0.0,,,,
758.190713191151,6.6043485601656,446.2872556110689,169.08495385513677,66.40705913996072,0.0,,,,
759.190713191151,6.619899816554641,447.2871539670344,169.09921140532703,62.19991318218148,0.0,,,,
760.190713191151,6.636539764954447,448.2870523229999,169.11346895551728,57.99276722440224,0.0,,,,
761.190713191151,6.6544323113312505,449.2869506789654,169.12772650570753,53.785621266623004,0.0,,,,
762.190713191151,6.67378138965014,450.2868490349309,169.14198405589778,49.578475308843764,0.0,,,,
763.190713191151,6.694845150730677,451.28674739089644,169.15624160608803,45.371329351064524,0.0,,,,
764.190713191151,6.717957049378675,452.28664574686195,169.17049915627828,41.164183393285285,0.0,,,,
765.190713191151,6.743558287797402,453.28654410282746,169.18475670646853,36.957037435506045,0.0,,,,
766.190713191151,6.772249840146372,454.286442458793,169.19901425665878,32.749891477726806,0.0,,,,
767.190713191151,6.8048801869215625,455.2863408147585,169.21327180684904,28.54274551994757,0.0,,,,
768.190713191151,6.842702853211404,456.286239170724,169.2275293570393,24.335599562168333,0.0,,,,
769.190713191151,6.887683008135837,457.2861375266895,169.24178690722954,20.128453604389097,0.0,,,,
770.190713191151,6.9431618776372135,458.286035882655,169.2560444574198,15.921307646609861,0.0,,,,
771.190713191151,7.015532640576821,459.28593423862054,169.27030200761004,11.714161688830625,0.0,,,,
772.190713191151,7.119584538975678,460.28583259458605,169.2845595578003,7.507015731051388,0.0,,,,
773.190713191151,7.304651735181266,461.28573095055157,169.29881710799054,3.2998697732721514,0.0,,,,
773.9750619649732,7.780033388224179,462.07,169.31,0.0,0.0,,,,
