Distance (in),Time (s),X (in),Y (in),Velocity (in/s),Orientation (deg),Way X (in),Way Y (in),Way Velocity (in/s),Way Orientation (deg),Way Turn Radius (in),Touch this Point
0,0,500,300,12,180,500,300,12,180,6,0
1,0.083333333,499,300,12,180,415,300,12,180,12,0
2,0.166666667,498,300,12,180,390,285,180,180,6,0
3,0.25,497,300,12,180,500,230,180,0,50,0
4,0.333333333,496,300,12,180,500,110,180,200,8,0
5,0.416666667,495,300,12,180,450,135,180,45,50,0
6,0.5,494,300,12,180,350,135,120,45,5,0
7,0.583333333,493,300,12,180,361.74,113.06,180,0,5,0
8,0.666666667,492,300,12,180,315,127.61,180,0,5,0
9,0.75,491,300,12,180,345.92,160,180,0,5,0
10,0.833333333,490,300,12,180,316.18,185.18,180,0,5,0
11,0.916666667,489,300,12,180,342.12,208.59,180,0,20,0
12,1,488,300,12,180,250,235.48,120,0,10,0
13,1.083333333,487,300,12,180,228.56,220,120,0,3,0
14,1.166666667,486,300,12,180,259.56,193.09,60,0,3,0
15,1.25,485,300,12,180,230.45,180.75,48,0,3,0
16,1.333333333,484,300,12,180,252.6,167.78,36,0,3,0
17,1.416666667,483,300,12,180,220.01,162.09,24,0,5,0
18,1.5,482,300,12,180,253.86,140.9,12,0,10,0
19,1.583333333,481,300,12,180,284.86,171.26,12,0,3,0
20,1.666666667,480,300,12,180,,,,,,
21,1.75,479,300,12,180,,,,,,
22,1.833333333,478,300,12,180,,,,,,
23,1.916666667,477,300,12,180,,,,,,
24,2,476,300,12,180,,,,,,
25,2.083333333,475,300,12,180,,,,,,
26,2.166666667,474,300,12,180,,,,,,
27,2.25,473,300,12,180,,,,,,
28,2.333333333,472,300,12,180,,,,,,
29,2.416666667,471,300,12,180,,,,,,
30,2.5,470,300,12,180,,,,,,
31,2.583333333,469,300,12,180,,,,,,
32,2.666666667,468,300,12,180,,,,,,
33,2.75,467,300,12,180,,,,,,
34,2.833333333,466,300,12,180,,,,,,
35,2.916666667,465,300,12,180,,,,,,
36,3,464,300,12,180,,,,,,
37,3.083333333,463,300,12,180,,,,,,
38,3.166666667,462,300,12,180,,,,,,
39,3.25,461,300,12,180,,,,,,
40,3.333333333,460,300,12,180,,,,,,
41,3.416666667,459,300,12,180,,,,,,
42,3.5,458,300,12,180,,,,,,
43,3.583333333,457,300,12,180,,,,,,
44,3.666666667,456,300,12,180,,,,,,
45,3.75,455,300,12,180,,,,,,
46,3.833333333,454,300,12,180,,,,,,
47,3.916666667,453,300,12,180,,,,,,
48,4,452,300,12,180,,,,,,
49,4.083333333,451,300,12,180,,,,,,
50,4.166666667,450,300,12,180,,,,,,
51,4.25,449,300,12,180,,,,,,
52,4.333333333,448,300,12,180,,,,,,
53,4.416666667,447,300,12,180,,,,,,
54,4.5,446,300,12,180,,,,,,
55,4.583333333,445,300,12,180,,,,,,
56,4.666666667,444,300,12,180,,,,,,
57,4.75,443,300,12,180,,,,,,
58,4.833333333,442,300,12,180,,,,,,
59,4.916666667,441,300,12,180,,,,,,
60,5,440,300,12,180,,,,,,
61,5.083333333,439,300,12,180,,,,,,
62,5.166666667,438,300,12,180,,,,,,
63,5.25,437,300,12,180,,,,,,
64,5.333333333,436,300,12,180,,,,,,
65,5.416666667,435,300,12,180,,,,,,
66,5.5,434,300,12,180,,,,,,
67,5.583333333,433,300,12,180,,,,,,
68,5.666666667,432,300,12,180,,,,,,
69,5.75,431,300,12,180,,,,,,
70,5.833333333,430,300,12,180,,,,,,
71,5.916666667,429,300,12,180,,,,,,
72,6,428,300,12,180,,,,,,
73,6.083333333,427,300,12,180,,,,,,
74,6.166666667,426,300,12,180,,,,,,
75,6.25,425,300,12,180,,,,,,
76,6.333333333,424,300,12,180,,,,,,
77,6.416666667,423,300,12,180,,,,,,
78,6.5,422,300,12,180,,,,,,
79,6.583333333,421,300,12,180,,,,,,
80,6.666666667,420,300,12,180,,,,,,
81,6.75,419,300,12,180,,,,,,
81.99989171,6.833324309,418.0001178,299.9956336,12,180,,,,,,
82.99960238,6.916633532,417.0027615,299.9270632,12,180,,,,,,
83.99931306,6.999942755,416.0145739,299.775714,12,180,,,,,,
84.99902373,7.083251978,415.0424133,299.5426363,12,180,,,,,,
85.9987344,7.162389246,414.093027,299.2294477,13.26523086,180,,,,,,
86.99844508,7.234322022,413.1730041,298.838322,14.53046172,180,,,,,,
87.99844508,7.3002709,412.3155112,298.3238262,15.79605876,180,,,,,,
88.99844508,7.361139406,411.4580183,297.8093305,17.06165579,180,,,,,,
89.99844508,7.417654289,410.6005253,297.2948347,18.32725282,180,,,,,,
90.99844508,7.470396762,409.7430324,296.780339,19.59284986,180,,,,,,
91.99844508,7.519838934,408.8855395,296.2658432,20.85844689,180,,,,,,
92.99844508,7.566369509,408.0280466,295.7513475,22.12404392,180,,,,,,
93.99844508,7.610312337,407.1705536,295.2368517,23.38964096,180,,,,,,
94.99844508,7.651940082,406.3130607,294.722356,24.65523799,180,,,,,,
95.99844508,7.691484473,405.4555678,294.2078602,25.92083502,180,,,,,,
96.99844508,7.729144103,404.5980749,293.6933644,27.18643206,180,,,,,,
97.99844508,7.76509046,403.7405819,293.1788687,28.45202909,180,,,,,,
98.99844508,7.799472647,402.883089,292.6643729,29.71762612,180,,,,,,
99.99844508,7.832421116,402.0255961,292.1498772,30.98322316,180,,,,,,
100.9984451,7.864050649,401.1681032,291.6353814,32.24882019,180,,,,,,
101.9984451,7.894462777,400.3106102,291.1208857,33.51441722,180,,,,,,
102.9984451,7.923747741,399.4531173,290.6063899,34.78001426,180,,,,,,
103.9958406,7.951913871,398.6069618,290.0783572,36.04231502,180,,,,,,
104.9946835,7.979149314,397.8972458,289.3755125,37.30644775,180,,,,,,
105.9935265,8.005477255,397.3139635,288.5646679,38.57058048,180,,,,,,
106.9923695,8.030956224,396.8732796,287.6682946,39.83471321,180,,,,,,
107.9912125,8.05563926,396.587407,286.7112345,41.09884594,180,,,,,,
108.9900555,8.079574586,396.4642682,285.7200109,42.36297867,180,,,,,,
109.9888985,8.10280617,396.5072759,284.7220942,43.6271114,180,,,,,,
110.9877415,8.125374212,396.7152381,283.7451403,44.89124413,180,,,,,,
111.9865845,8.147503686,397.0823916,282.8162239,45.38139468,181.5494422,,,,,,
112.9854275,8.16939543,397.5985611,281.9610886,45.87154522,183.0988844,,,,,,
113.9842705,8.191054497,398.2494419,281.2034333,46.36169577,184.6483267,,,,,,
114.9842705,8.212510477,399.1438691,280.7562197,46.85241408,186.1995637,,,,,,
115.9842705,8.233742903,400.0382963,280.3090061,47.34313239,187.7508007,,,,,,
116.9842705,8.254756387,400.9327234,279.8617925,47.8338507,189.3020377,,,,,,
117.9842705,8.275555398,401.8271506,279.4145789,48.32456901,190.8532747,,,,,,
118.9842705,8.296144269,402.7215778,278.9673653,48.81528732,192.4045117,,,,,,
119.9842705,8.316527205,403.616005,278.5201517,49.30600563,193.9557487,,,,,,
120.9842705,8.336708283,404.5104322,278.0729381,49.79672394,195.5069857,,,,,,
121.9842705,8.356691464,405.4048594,277.6257245,50.28744224,197.0582227,,,,,,
122.9842705,8.376480591,406.2992866,277.1785109,50.77816055,198.6094597,,,,,,
123.9842705,8.396079396,407.1937138,276.7312973,51.26887886,200.1606967,,,,,,
124.9842705,8.415491504,408.088141,276.2840837,51.75959717,201.7119337,,,,,,
125.9842705,8.434720441,408.9825682,275.8368701,52.25031548,203.2631707,,,,,,
126.9842705,8.453769629,409.8769954,275.3896565,52.74103379,204.8144078,,,,,,
127.9842705,8.472642399,410.7714225,274.9424429,53.2317521,206.3656448,,,,,,
128.9842705,8.491341988,411.6658497,274.4952293,53.72247041,207.9168818,,,,,,
129.9842705,8.509871546,412.5602769,274.0480157,54.21318872,209.4681188,,,,,,
130.9842705,8.528234136,413.4547041,273.6008021,54.70390703,211.0193558,,,,,,
131.9842705,8.546432741,414.3491313,273.1535885,55.19462534,212.5705928,,,,,,
132.9842705,8.564470264,415.2435585,272.706375,55.68534365,214.1218298,,,,,,
133.9842705,8.582349532,416.1379857,272.2591614,56.17606196,215.6730668,,,,,,
134.9842705,8.600073297,417.0324129,271.8119478,56.66678027,217.2243038,,,,,,
135.9842705,8.61764424,417.9268401,271.3647342,57.15749858,218.7755408,,,,,,
136.9842705,8.635064976,418.8212673,270.9175206,57.64821689,220.3267778,,,,,,
137.9842705,8.652338049,419.7156945,270.470307,58.1389352,221.8780148,,,,,,
138.9842705,8.669465943,420.6101216,270.0230934,58.62965351,223.4292518,,,,,,
139.9842705,8.686451078,421.5045488,269.5758798,59.12037182,224.9804889,,,,,,
140.9842705,8.703295813,422.398976,269.1286662,59.61109013,226.5317259,,,,,,
141.9842705,8.72000245,423.2934032,268.6814526,60.10180844,228.0829629,,,,,,
142.9842705,8.736573236,424.1878304,268.234239,60.59252675,229.6341999,,,,,,
143.9842705,8.753010362,425.0822576,267.7870254,61.08324506,231.1854369,,,,,,
144.9842705,8.769315967,425.9766848,267.3398118,61.57396337,232.7366739,,,,,,
145.9842705,8.785492139,426.871112,266.8925982,62.06468168,234.2879109,,,,,,
146.9842705,8.801540917,427.7655392,266.4453846,62.55539999,235.8391479,,,,,,
147.9842705,8.817464291,428.6599664,265.998171,63.0461183,237.3903849,,,,,,
148.9842705,8.833264207,429.5543936,265.5509574,63.53683661,238.9416219,,,,,,
149.9842705,8.848942564,430.4488207,265.1037438,64.02755492,240.4928589,,,,,,
150.9842705,8.864501217,431.3432479,264.6565302,64.51827323,242.0440959,,,,,,
151.9842705,8.879941982,432.2376751,264.2093166,65.00899154,243.595333,,,,,,
152.9842705,8.89526663,433.1321023,263.762103,65.49970985,245.14657,,,,,,
153.9842705,8.910476896,434.0265295,263.3148894,65.99042816,246.697807,,,,,,
154.9842705,8.925574475,434.9209567,262.8676759,66.48114647,248.249044,,,,,,
155.9842705,8.940561023,435.8153839,262.4204623,66.97186478,249.800281,,,,,,
156.9842705,8.955438163,436.7098111,261.9732487,67.46258309,251.351518,,,,,,
157.9842705,8.970207479,437.6042383,261.5260351,67.9533014,252.902755,,,,,,
158.9842705,8.984870523,438.4986655,261.0788215,68.44401971,254.453992,,,,,,
159.9842705,8.999428815,439.3930927,260.6316079,68.93473802,256.005229,,,,,,
160.9842705,9.013883839,440.2875198,260.1843943,69.42545633,257.556466,,,,,,
161.9842705,9.028237051,441.181947,259.7371807,69.91617463,259.107703,,,,,,
162.9842705,9.042489876,442.0763742,259.2899671,70.40689294,260.65894,,,,,,
163.9842705,9.056643706,442.9708014,258.8427535,70.89761125,262.210177,,,,,,
164.9842705,9.070699909,443.8652286,258.3955399,71.38832956,263.7614141,,,,,,
165.9842705,9.084659821,444.7596558,257.9483263,71.87904787,265.3126511,,,,,,
166.9842705,9.098524753,445.654083,257.5011127,72.36976618,266.8638881,,,,,,
167.9842705,9.112295988,446.5485102,257.0538991,72.86048449,268.4151251,,,,,,
168.9842705,9.125974785,447.4429374,256.6066855,73.3512028,269.9663621,,,,,,
169.9842705,9.139562377,448.3373646,256.1594719,73.84192111,271.5175991,,,,,,
170.9842705,9.15305997,449.2317918,255.7122583,74.33263942,273.0688361,,,,,,
171.9842705,9.166468751,450.126219,255.2650447,74.82335773,274.6200731,,,,,,
172.9842705,9.179789879,451.0206461,254.8178311,75.31407604,276.1713101,,,,,,
173.9842705,9.193024493,451.9150733,254.3706175,75.80479435,277.7225471,,,,,,
174.9842705,9.206173711,452.8095005,253.9234039,76.29551266,279.2737841,,,,,,
175.9842705,9.219238626,453.7039277,253.4761903,76.78623097,280.8250211,,,,,,
176.9842705,9.232220313,454.5983549,253.0289768,77.27694928,282.3762581,,,,,,
177.9842705,9.245119826,455.4927821,252.5817632,77.76766759,283.9274952,,,,,,
178.9842705,9.257938198,456.3872093,252.1345496,78.2583859,285.4787322,,,,,,
179.9842705,9.270676443,457.2816365,251.687336,78.74910421,287.0299692,,,,,,
180.9842705,9.283335558,458.1760637,251.2401224,79.23982252,288.5812062,,,,,,
181.9842705,9.29591652,459.0704909,250.7929088,79.73054083,290.1324432,,,,,,
182.9842705,9.308420287,459.9649181,250.3456952,80.22125914,291.6836802,,,,,,
183.9842705,9.3208478,460.8593452,249.8984816,80.71197745,293.2349172,,,,,,
184.9842705,9.333199985,461.7537724,249.451268,81.20269576,294.7861542,,,,,,
185.9842705,9.345477749,462.6481996,249.0040544,81.69341407,296.3373912,,,,,,
186.9842705,9.357681984,463.5426268,248.5568408,82.18413238,297.8886282,,,,,,
187.9842705,9.369813564,464.437054,248.1096272,82.67485069,299.4398652,,,,,,
188.9842705,9.38187335,465.3314812,247.6624136,83.165569,300.9911022,,,,,,
189.9842705,9.393862187,466.2259084,247.2152,83.65628731,302.5423392,,,,,,
190.9842705,9.405780904,467.1203356,246.7679864,84.14700562,304.0935763,,,,,,
191.9842705,9.417630317,468.0147628,246.3207728,84.63772393,305.6448133,,,,,,
192.9842705,9.429411228,468.90919,245.8735592,85.12844224,307.1960503,,,,,,
193.9842705,9.441124423,469.8036172,245.4263456,85.61916055,308.7472873,,,,,,
194.9842705,9.452770677,470.6980443,244.979132,86.10987886,310.2985243,,,,,,
195.9842705,9.464350751,471.5924715,244.5319184,86.60059717,311.8497613,,,,,,
196.9842705,9.475865391,472.4868987,244.0847048,87.09131548,313.4009983,,,,,,
198.0235116,9.487763332,473.240332,243.3689112,87.60129012,315.0131076,,,,,,
199.023495,9.499146616,474.1210372,242.8952818,88.09200026,316.5643188,,,,,,
200.0234783,9.510466667,474.9920944,242.4041341,88.58271039,318.1155299,,,,,,
201.0234616,9.521724183,475.8531551,241.8956646,89.07342052,319.6667411,,,,,,
202.023445,9.53291985,476.7038749,241.3700768,89.56413065,321.2179522,,,,,,
203.0234283,9.544054346,477.5439134,240.8275808,90.05484078,322.7691634,,,,,,
204.0234116,9.555128335,478.3729348,240.2683937,90.54555091,324.3203745,,,,,,
205.023395,9.56614247,479.1906074,239.6927391,91.03626104,325.8715857,,,,,,
206.0233783,9.577097396,479.9966041,239.1008473,91.52697117,327.4227968,,,,,,
207.0233616,9.587993745,480.7906026,238.4929549,92.01768131,328.974008,,,,,,
208.023345,9.598832141,481.5722852,237.8693053,92.50839144,330.5252191,,,,,,
209.0233283,9.609613197,482.3413394,237.2301477,92.99910157,332.0764303,,,,,,
210.0233116,9.620337517,483.0974574,236.5757379,93.4898117,333.6276414,,,,,,
211.023295,9.631005693,483.8403369,235.9063377,93.98052183,335.1788526,,,,,,
212.0232783,9.641618312,484.5696807,235.2222147,94.47123196,336.7300638,,,,,,
213.0232616,9.652175949,485.2851972,234.5236426,94.96194209,338.2812749,,,,,,
214.023245,9.662679171,485.9866,233.8109009,95.45265222,339.8324861,,,,,,
215.0232283,9.673128535,486.6736086,233.0842746,95.94336235,341.3836972,,,,,,
216.0232116,9.683524592,487.3459483,232.3440544,96.43407249,342.9349084,,,,,,
217.023195,9.693867881,488.0033501,231.5905363,96.92478262,344.4861195,,,,,,
218.0231783,9.704158937,488.6455511,230.8240217,97.41549275,346.0373307,,,,,,
219.0231616,9.714398285,489.2722944,230.0448173,97.90620288,347.5885418,,,,,,
220.023145,9.72458644,489.8833292,229.2532346,98.39691301,349.139753,,,,,,
221.0231283,9.734723913,490.4784113,228.4495905,98.88762314,350.6909641,,,,,,
222.0231116,9.744811205,491.0573026,227.6342061,99.37833327,352.2421753,,,,,,
223.023095,9.754848811,491.6197714,226.8074078,99.8690434,353.7933864,,,,,,
224.0230783,9.764837218,492.165593,225.9695263,100.3597535,355.3445976,,,,,,
225.0230616,9.774776906,492.6945488,225.1208966,100.8504637,356.8958088,,,,,,
226.023045,9.784668347,493.2064274,224.2618582,101.3411738,358.4470199,,,,,,
227.0230283,9.794512008,493.701024,223.3927547,101.8318839,359.9982311,,,,,,
228.0230116,9.804317378,494.1781408,222.5139337,102.1345709,358.5822419,,,,,,
229.022995,9.814093732,494.6375869,221.6257468,102.4372578,357.1662528,,,,,,
230.0229783,9.823841242,495.0791786,220.7285493,102.7399447,355.7502636,,,,,,
231.0229616,9.833560075,495.5027392,219.8226999,103.0426317,354.3342745,,,,,,
232.022945,9.843250402,495.9080993,218.9085611,103.3453186,352.9182853,,,,,,
233.0229283,9.852912388,496.2950968,217.9864984,103.6480056,351.5022962,,,,,,
234.0229116,9.8625462,496.6635768,217.0568806,103.9506925,350.086307,,,,,,
235.022895,9.872152,497.0133921,216.1200797,104.2533794,348.6703179,,,,,,
236.0228783,9.881729951,497.3444026,215.1764703,104.5560664,347.2543287,,,,,,
237.0228616,9.891280214,497.656476,214.2264299,104.8587533,345.8383396,,,,,,
238.022845,9.900802949,497.9494874,213.2703384,105.1614403,344.4223504,,,,,,
239.0228283,9.910298314,498.2233197,212.3085782,105.4641272,343.0063613,,,,,,
240.0228116,9.919766466,498.4778633,211.3415342,105.7668141,341.5903721,,,,,,
241.022795,9.929207561,498.7130164,210.369593,106.0695011,340.174383,,,,,,
242.0227783,9.938621752,498.9286849,209.3931434,106.372188,338.7583938,,,,,,
243.0227616,9.948009193,499.1247827,208.412576,106.674875,337.3424047,,,,,,
244.022745,9.957370034,499.3012311,207.4282831,106.9775619,335.9264155,,,,,,
245.0227283,9.966704428,499.4579598,206.4406583,107.2802488,334.5104264,,,,,,
246.0227116,9.976012521,499.5949059,205.4500966,107.5829358,333.0944372,,,,,,
247.022695,9.985294463,499.7120147,204.4569943,107.8856227,331.6784481,,,,,,
248.0226783,9.9945504,499.8092393,203.4617486,108.1883096,330.2624589,,,,,,
249.0226616,10.00378048,499.8865409,202.4647575,108.4909966,328.8464698,,,,,,
250.022645,10.01298484,499.9438886,201.46642,108.7936835,327.4304807,,,,,,
251.0226283,10.02216363,499.9812594,200.4671352,109.0963705,326.0144915,,,,,,
252.0226283,10.03131714,499.9812594,199.4671352,109.3990624,324.5984788,,,,,,
253.0226283,10.04044535,499.9812594,198.4671352,109.7017544,323.182466,,,,,,
254.0226283,10.04954842,499.9812594,197.4671352,110.0044464,321.7664533,,,,,,
255.0226283,10.05862647,499.9812594,196.4671352,110.3071384,320.3504405,,,,,,
256.0226283,10.06767965,499.9812594,195.4671352,110.6098304,318.9344278,,,,,,
257.0226283,10.07670808,499.9812594,194.4671352,110.9125224,317.518415,,,,,,
258.0226283,10.08571191,499.9812594,193.4671352,111.2152143,316.1024023,,,,,,
259.0226283,10.09469127,499.9812594,192.4671352,111.5179063,314.6863895,,,,,,
260.0226283,10.10364628,499.9812594,191.4671352,111.8205983,313.2703768,,,,,,
261.0226283,10.11257709,499.9812594,190.4671352,112.1232903,311.854364,,,,,,
262.0226283,10.12148382,499.9812594,189.4671352,112.4259823,310.4383513,,,,,,
263.0226283,10.1303666,499.9812594,188.4671352,112.7286743,309.0223385,,,,,,
264.0226283,10.13922557,499.9812594,187.4671352,113.0313663,307.6063258,,,,,,
265.0226283,10.14806084,499.9812594,186.4671352,113.3340582,306.190313,,,,,,
266.0226283,10.15687255,499.9812594,185.4671352,113.6367502,304.7743003,,,,,,
267.0226283,10.16566081,499.9812594,184.4671352,113.9394422,303.3582875,,,,,,
268.0226283,10.17442576,499.9812594,183.4671352,114.2421342,301.9422748,,,,,,
269.0226283,10.18316752,499.9812594,182.4671352,114.5448262,300.526262,,,,,,
270.0226283,10.1918862,499.9812594,181.4671352,114.8475182,299.1102493,,,,,,
271.0226283,10.20058194,499.9812594,180.4671352,115.1502101,297.6942365,,,,,,
272.0226283,10.20925485,499.9812594,179.4671352,115.4529021,296.2782238,,,,,,
273.0226283,10.21790505,499.9812594,178.4671352,115.7555941,294.862211,,,,,,
274.0226283,10.22653266,499.9812594,177.4671352,116.0582861,293.4461983,,,,,,
275.0226283,10.2351378,499.9812594,176.4671352,116.3609781,292.0301855,,,,,,
276.0226283,10.24372059,499.9812594,175.4671352,116.6636701,290.6141728,,,,,,
277.0226283,10.25228113,499.9812594,174.4671352,116.966362,289.19816,,,,,,
278.0226283,10.26081955,499.9812594,173.4671352,117.269054,287.7821473,,,,,,
279.0226283,10.26933596,499.9812594,172.4671352,117.571746,286.3661346,,,,,,
280.0226283,10.27783047,499.9812594,171.4671352,117.874438,284.9501218,,,,,,
281.0226283,10.28630319,499.9812594,170.4671352,118.17713,283.5341091,,,,,,
282.0226283,10.29475424,499.9812594,169.4671352,118.479822,282.1180963,,,,,,
283.0226283,10.30318373,499.9812594,168.4671352,118.7825139,280.7020836,,,,,,
284.0226283,10.31159176,499.9812594,167.4671352,119.0852059,279.2860708,,,,,,
285.0226283,10.31997845,499.9812594,166.4671352,119.3878979,277.8700581,,,,,,
286.0226283,10.32834391,499.9812594,165.4671352,119.6905899,276.4540453,,,,,,
287.0226283,10.33668823,499.9812594,164.4671352,119.9932819,275.0380326,,,,,,
288.0226283,10.34501153,499.9812594,163.4671352,120.2959739,273.6220198,,,,,,
289.0226283,10.35331392,499.9812594,162.4671352,120.5986658,272.2060071,,,,,,
290.0226283,10.36159549,499.9812594,161.4671352,120.9013578,270.7899943,,,,,,
291.0226283,10.36985636,499.9812594,160.4671352,121.2040498,269.3739816,,,,,,
292.0226283,10.37809662,499.9812594,159.4671352,121.5067418,267.9579688,,,,,,
293.0226283,10.38631637,499.9812594,158.4671352,121.8094338,266.5419561,,,,,,
294.0226283,10.39451573,499.9812594,157.4671352,122.1121258,265.1259433,,,,,,
295.0226283,10.40269479,499.9812594,156.4671352,122.4148177,263.7099306,,,,,,
296.0226283,10.41085365,499.9812594,155.4671352,122.7175097,262.2939178,,,,,,
297.0226283,10.41899241,499.9812594,154.4671352,123.0202017,260.8779051,,,,,,
298.0226283,10.42711116,499.9812594,153.4671352,123.3228937,259.4618923,,,,,,
299.0226283,10.43521002,499.9812594,152.4671352,123.6255857,258.0458796,,,,,,
300.0226283,10.44328907,499.9812594,151.4671352,123.9282777,256.6298668,,,,,,
301.0226283,10.45134841,499.9812594,150.4671352,124.2309697,255.2138541,,,,,,
302.0226283,10.45938814,499.9812594,149.4671352,124.5336616,253.7978413,,,,,,
303.0226283,10.46740835,499.9812594,148.4671352,124.8363536,252.3818286,,,,,,
304.0226283,10.47540914,499.9812594,147.4671352,125.1390456,250.9658158,,,,,,
305.0226283,10.48339059,499.9812594,146.4671352,125.4417376,249.5498031,,,,,,
306.0226283,10.49135282,499.9812594,145.4671352,125.7444296,248.1337903,,,,,,
307.0226283,10.4992959,499.9812594,144.4671352,126.0471216,246.7177776,,,,,,
308.0226283,10.50721992,499.9812594,143.4671352,126.3498135,245.3017648,,,,,,
309.0226283,10.51512499,499.9812594,142.4671352,126.6525055,243.8857521,,,,,,
310.0226283,10.52301118,499.9812594,141.4671352,126.9551975,242.4697394,,,,,,
311.0226283,10.5308786,499.9812594,140.4671352,127.2578895,241.0537266,,,,,,
312.0226283,10.53872732,499.9812594,139.4671352,127.5605815,239.6377139,,,,,,
313.0226283,10.54655745,499.9812594,138.4671352,127.8632735,238.2217011,,,,,,
314.0226283,10.55436905,499.9812594,137.4671352,128.1659654,236.8056884,,,,,,
315.0226283,10.56216223,499.9812594,136.4671352,128.4686574,235.3896756,,,,,,
316.0226283,10.56993707,499.9812594,135.4671352,128.7713494,233.9736629,,,,,,
317.0226283,10.57769366,499.9812594,134.4671352,129.0740414,232.5576501,,,,,,
318.0226283,10.58543208,499.9812594,133.4671352,129.3767334,231.1416374,,,,,,
319.0226283,10.59315241,499.9812594,132.4671352,129.6794254,229.7256246,,,,,,
320.0226283,10.60085475,499.9812594,131.4671352,129.9821173,228.3096119,,,,,,
321.0226283,10.60853916,499.9812594,130.4671352,130.2848093,226.8935991,,,,,,
322.0226283,10.61620575,499.9812594,129.4671352,130.5875013,225.4775864,,,,,,
323.0226283,10.62385459,499.9812594,128.4671352,130.8901933,224.0615736,,,,,,
324.0226283,10.63148575,499.9812594,127.4671352,131.1928853,222.6455609,,,,,,
325.0226283,10.63909934,499.9812594,126.4671352,131.4955773,221.2295481,,,,,,
326.0226283,10.64669541,499.9812594,125.4671352,131.7982692,219.8135354,,,,,,
327.0226283,10.65427406,499.9812594,124.4671352,132.1009612,218.3975226,,,,,,
328.0226283,10.66183537,499.9812594,123.4671352,132.4036532,216.9815099,,,,,,
329.0229064,10.6693815,499.9857426,122.4668672,132.7064294,215.5651034,,,,,,
330.0222554,10.67690345,499.8639149,121.4749717,133.0089243,214.1500123,,,,,,
331.0216045,10.68440832,499.6193734,120.5060042,133.3114193,212.7349213,,,,,,
332.0209536,10.69189617,499.2559341,119.575085,133.6139142,211.3198303,,,,,,
333.0203027,10.69936709,498.7792684,118.6967409,133.9164092,209.9047392,,,,,,
334.0196518,10.70682116,498.1968145,117.8846781,134.2189042,208.4896482,,,,,,
335.0190009,10.71425844,497.5176614,117.1515685,134.5213991,207.0745571,,,,,,
336.01835,10.72167902,496.752407,116.5088521,134.8238941,205.6594661,,,,,,
337.017699,10.72908297,495.9129929,115.9665583,135.126389,204.244375,,,,,,
338.0170481,10.73647037,495.0125178,115.5331494,135.428884,202.829284,,,,,,
339.0163972,10.74384128,494.0650335,115.2153886,135.7313789,201.4141929,,,,,,
340.0157463,10.75119578,493.0853249,115.0182344,136.0338739,199.9991019,,,,,,
341.0150954,10.7585353,492.0886802,114.9447634,136.286164,197.0213329,,,,,,
342.0144445,10.76586124,491.0906517,114.9961221,136.5384541,194.0435638,,,,,,
343.0137936,10.77317367,490.1068133,115.1715089,136.7907442,191.0657948,,,,,,
344.0137936,10.78047736,489.2123861,115.6187225,137.0431987,188.0860862,,,,,,
345.0137936,10.78776762,488.3179589,116.0659361,137.2956531,185.1063776,,,,,,
346.0137936,10.79504448,487.4235317,116.5131497,137.5481076,182.126669,,,,,,
347.0137936,10.802308,486.5291046,116.9603633,137.800562,179.1469605,,,,,,
348.0137936,10.80955822,485.6346774,117.4075769,138.0530164,176.1672519,,,,,,
349.0137936,10.8167952,484.7402502,117.8547905,138.3054709,173.1875433,,,,,,
350.0137936,10.82401897,483.845823,118.3020041,138.5579253,170.2078347,,,,,,
351.0137936,10.8312296,482.9513958,118.7492177,138.8103798,167.2281261,,,,,,
352.0137936,10.83842713,482.0569686,119.1964313,139.0628342,164.2484176,,,,,,
353.0137936,10.8456116,481.1625414,119.6436449,139.3152886,161.268709,,,,,,
354.0137936,10.85278307,480.2681142,120.0908585,139.5677431,158.2890004,,,,,,
355.0137936,10.85994157,479.373687,120.5380721,139.8201975,155.3092918,,,,,,
356.0137936,10.86708717,478.4792598,120.9852857,140.072652,152.3295833,,,,,,
357.0137936,10.87421989,477.5848326,121.4324993,140.3251064,149.3498747,,,,,,
358.0137936,10.88133979,476.6904054,121.8797129,140.5775608,146.3701661,,,,,,
359.0137936,10.88844692,475.7959783,122.3269265,140.8300153,143.3904575,,,,,,
360.0137936,10.89554132,474.9015511,122.7741401,141.0824697,140.4107489,,,,,,
361.0137936,10.90262304,474.0071239,123.2213537,141.3349241,137.4310404,,,,,,
362.0137936,10.90969212,473.1126967,123.6685673,141.5873786,134.4513318,,,,,,
363.0137936,10.9167486,472.2182695,124.1157809,141.839833,131.4716232,,,,,,
364.0137936,10.92379254,471.3238423,124.5629944,142.0922875,128.4919146,,,,,,
365.0137936,10.93082398,470.4294151,125.010208,142.3447419,125.512206,,,,,,
366.0137936,10.93784295,469.5349879,125.4574216,142.5971963,122.5324975,,,,,,
367.0137936,10.94484951,468.6405607,125.9046352,142.8496508,119.5527889,,,,,,
368.0137936,10.95184369,467.7461335,126.3518488,143.1021052,116.5730803,,,,,,
369.0137936,10.95882555,466.8517063,126.7990624,143.3545597,113.5933717,,,,,,
370.0137936,10.96579513,465.9572792,127.246276,143.6070141,110.6136632,,,,,,
371.0137936,10.97275246,465.062852,127.6934896,143.8594685,107.6339546,,,,,,
372.0137936,10.97969759,464.1684248,128.1407032,144.111923,104.654246,,,,,,
373.0137936,10.98663057,463.2739976,128.5879168,144.3643774,101.6745374,,,,,,
374.0137936,10.99355144,462.3795704,129.0351304,144.6168319,98.69482885,,,,,,
375.0137936,11.00046023,461.4851432,129.482344,144.8692863,95.71512027,,,,,,
376.0335872,11.00749339,460.5009586,129.7494764,145.1267377,92.67643254,,,,,,
377.0335705,11.01437781,459.601568,130.1865842,145.379188,89.69677362,,,,,,
378.0335538,11.0212503,458.6936158,130.605618,145.6316382,86.71711471,,,,,,
379.0335372,11.02811088,457.7774649,131.0064101,145.8840884,83.73745579,,,,,,
380.0335205,11.03495959,456.853482,131.3888003,146.1365387,80.75779687,,,,,,
381.0335038,11.04179649,455.9220366,131.7526356,146.3889889,77.77813796,,,,,,
382.0334872,11.0486216,454.9835013,132.0977705,146.6414391,74.79847904,,,,,,
383.0334705,11.05543498,454.0382514,132.4240668,146.8938894,71.81882012,,,,,,
384.0334538,11.06223666,453.0866651,132.7313942,147.1463396,68.83916121,,,,,,
385.0334372,11.06902668,452.1291229,133.0196297,147.3987898,65.85950229,,,,,,
386.0334205,11.07580507,451.1660079,133.288658,147.65124,62.87984337,,,,,,
387.0334038,11.08257189,450.1977054,133.5383714,147.9036903,59.90018446,,,,,,
388.0333872,11.08932717,449.2246025,133.7686701,148.1561405,56.92052554,,,,,,
389.0333705,11.09607095,448.2470886,133.979462,148.4085907,53.94086662,,,,,,
390.0333538,11.10280327,447.2655546,134.1706628,148.661041,50.96120771,,,,,,
391.0333372,11.10952416,446.2803932,134.342196,148.9134912,47.98154879,,,,,,
392.0333205,11.11623367,445.2919984,134.4939929,149.1659414,45.00188987,,,,,,
393.0333038,11.12294419,444.3007655,134.625993,148.8682894,45.00187059,,,,,,
394.0332872,11.12966815,443.307091,134.7381432,148.5706374,45.0018513,,,,,,
395.0332705,11.13640559,442.3113724,134.8303989,148.2729854,45.00183201,,,,,,
396.0332538,11.14315657,441.3140079,134.9027231,147.9753334,45.00181273,,,,,,
397.0332372,11.14992115,440.3153965,134.9550869,147.6776814,45.00179344,,,,,,
398.0332205,11.15669937,439.3159376,134.9874693,147.3800294,45.00177415,,,,,,
399.0332205,11.16349141,438.3159376,134.9874693,147.0823724,45.00175486,,,,,,
400.0332205,11.17029721,437.3159376,134.9874693,146.7847154,45.00173558,,,,,,
401.0332205,11.17711682,436.3159376,134.9874693,146.4870585,45.00171629,,,,,,
402.0332205,11.1839503,435.3159376,134.9874693,146.1894015,45.001697,,,,,,
403.0332205,11.19079772,434.3159376,134.9874693,145.8917445,45.00167771,,,,,,
404.0332205,11.19765911,433.3159376,134.9874693,145.5940875,45.00165843,,,,,,
405.0332205,11.20453455,432.3159376,134.9874693,145.2964306,45.00163914,,,,,,
406.0332205,11.21142409,431.3159376,134.9874693,144.9987736,45.00161985,,,,,,
407.0332205,11.21832779,430.3159376,134.9874693,144.7011166,45.00160057,,,,,,
408.0332205,11.2252457,429.3159376,134.9874693,144.4034596,45.00158128,,,,,,
409.0332205,11.23217789,428.3159376,134.9874693,144.1058027,45.00156199,,,,,,
410.0332205,11.23912441,427.3159376,134.9874693,143.8081457,45.0015427,,,,,,
411.0332205,11.24608532,426.3159376,134.9874693,143.5104887,45.00152342,,,,,,
412.0332205,11.25306068,425.3159376,134.9874693,143.2128318,45.00150413,,,,,,
413.0332205,11.26005056,424.3159376,134.9874693,142.9151748,45.00148484,,,,,,
414.0332205,11.26705501,423.3159376,134.9874693,142.6175178,45.00146555,,,,,,
415.0332205,11.2740741,422.3159376,134.9874693,142.3198608,45.00144627,,,,,,
416.0332205,11.28110788,421.3159376,134.9874693,142.0222039,45.00142698,,,,,,
417.0332205,11.28815642,420.3159376,134.9874693,141.7245469,45.00140769,,,,,,
418.0332205,11.29521978,419.3159376,134.9874693,141.4268899,45.0013884,,,,,,
419.0332205,11.30229802,418.3159376,134.9874693,141.1292329,45.00136912,,,,,,
420.0332205,11.3093912,417.3159376,134.9874693,140.831576,45.00134983,,,,,,
421.0332205,11.3164994,416.3159376,134.9874693,140.533919,45.00133054,,,,,,
422.0332205,11.32362266,415.3159376,134.9874693,140.236262,45.00131125,,,,,,
423.0332205,11.33076106,414.3159376,134.9874693,139.9386051,45.00129197,,,,,,
424.0332205,11.33791466,413.3159376,134.9874693,139.6409481,45.00127268,,,,,,
425.0332205,11.34508352,412.3159376,134.9874693,139.3432911,45.00125339,,,,,,
426.0332205,11.35226771,411.3159376,134.9874693,139.0456341,45.00123411,,,,,,
427.0332205,11.3594673,410.3159376,134.9874693,138.7479772,45.00121482,,,,,,
428.0332205,11.36668236,409.3159376,134.9874693,138.4503202,45.00119553,,,,,,
429.0332205,11.37391294,408.3159376,134.9874693,138.1526632,45.00117624,,,,,,
430.0332205,11.38115911,407.3159376,134.9874693,137.8550062,45.00115696,,,,,,
431.0332205,11.38842095,406.3159376,134.9874693,137.5573493,45.00113767,,,,,,
432.0332205,11.39569852,405.3159376,134.9874693,137.2596923,45.00111838,,,,,,
433.0332205,11.40299189,404.3159376,134.9874693,136.9620353,45.00109909,,,,,,
434.0332205,11.41030112,403.3159376,134.9874693,136.6643784,45.00107981,,,,,,
435.0332205,11.4176263,402.3159376,134.9874693,136.3667214,45.00106052,,,,,,
436.0332205,11.42496748,401.3159376,134.9874693,136.0690644,45.00104123,,,,,,
437.0332205,11.43232473,400.3159376,134.9874693,135.7714074,45.00102194,,,,,,
438.0332205,11.43969813,399.3159376,134.9874693,135.4737505,45.00100266,,,,,,
439.0332205,11.44708776,398.3159376,134.9874693,135.1760935,45.00098337,,,,,,
440.0332205,11.45449367,397.3159376,134.9874693,134.8784365,45.00096408,,,,,,
441.0332205,11.46191594,396.3159376,134.9874693,134.5807796,45.0009448,,,,,,
442.0332205,11.46935465,395.3159376,134.9874693,134.2831226,45.00092551,,,,,,
443.0332205,11.47680986,394.3159376,134.9874693,133.9854656,45.00090622,,,,,,
444.0332205,11.48428166,393.3159376,134.9874693,133.6878086,45.00088693,,,,,,
445.0332205,11.49177011,392.3159376,134.9874693,133.3901517,45.00086765,,,,,,
446.0332205,11.49927529,391.3159376,134.9874693,133.0924947,45.00084836,,,,,,
447.0332205,11.50679727,390.3159376,134.9874693,132.7948377,45.00082907,,,,,,
448.0332205,11.51433613,389.3159376,134.9874693,132.4971807,45.00080978,,,,,,
449.0332205,11.52189195,388.3159376,134.9874693,132.1995238,45.0007905,,,,,,
450.0332205,11.5294648,387.3159376,134.9874693,131.9018668,45.00077121,,,,,,
451.0332205,11.53705476,386.3159376,134.9874693,131.6042098,45.00075192,,,,,,
452.0332205,11.5446619,385.3159376,134.9874693,131.3065529,45.00073263,,,,,,
453.0332205,11.55228631,384.3159376,134.9874693,131.0088959,45.00071335,,,,,,
454.0332205,11.55992806,383.3159376,134.9874693,130.7112389,45.00069406,,,,,,
455.0332205,11.56758723,382.3159376,134.9874693,130.4135819,45.00067477,,,,,,
456.0332205,11.57526391,381.3159376,134.9874693,130.115925,45.00065548,,,,,,
457.0332205,11.58295816,380.3159376,134.9874693,129.818268,45.0006362,,,,,,
458.0332205,11.59067008,379.3159376,134.9874693,129.520611,45.00061691,,,,,,
459.0332205,11.59839974,378.3159376,134.9874693,129.222954,45.00059762,,,,,,
460.0332205,11.60614723,377.3159376,134.9874693,128.9252971,45.00057834,,,,,,
461.0332205,11.61391262,376.3159376,134.9874693,128.6276401,45.00055905,,,,,,
462.0332205,11.62169601,375.3159376,134.9874693,128.3299831,45.00053976,,,,,,
463.0332205,11.62949746,374.3159376,134.9874693,128.0323262,45.00052047,,,,,,
464.0332205,11.63731708,373.3159376,134.9874693,127.7346692,45.00050119,,,,,,
465.0332205,11.64515494,372.3159376,134.9874693,127.4370122,45.0004819,,,,,,
466.0332205,11.65301113,371.3159376,134.9874693,127.1393552,45.00046261,,,,,,
467.0332205,11.66088573,370.3159376,134.9874693,126.8416983,45.00044332,,,,,,
468.0332205,11.66877884,369.3159376,134.9874693,126.5440413,45.00042404,,,,,,
469.0332205,11.67669053,368.3159376,134.9874693,126.2463843,45.00040475,,,,,,
470.0332205,11.6846209,367.3159376,134.9874693,125.9487273,45.00038546,,,,,,
471.0332205,11.69257003,366.3159376,134.9874693,125.6510704,45.00036617,,,,,,
472.0332205,11.70053802,365.3159376,134.9874693,125.3534134,45.00034689,,,,,,
473.0332205,11.70852494,364.3159376,134.9874693,125.0557564,45.0003276,,,,,,
474.0332205,11.7165309,363.3159376,134.9874693,124.7580995,45.00030831,,,,,,
475.0332205,11.72455599,362.3159376,134.9874693,124.4604425,45.00028902,,,,,,
476.0332205,11.73260029,361.3159376,134.9874693,124.1627855,45.00026974,,,,,,
477.0332205,11.7406639,360.3159376,134.9874693,123.8651285,45.00025045,,,,,,
478.0332205,11.74874691,359.3159376,134.9874693,123.5674716,45.00023116,,,,,,
479.0333735,11.75685065,358.3158619,134.9999074,123.269769,45.00021187,,,,,,
480.0317077,11.7649592,357.3231404,134.8941955,122.9726079,45.00019262,,,,,,
481.0300419,11.77308737,356.3712088,134.5933675,122.6754468,45.00017336,,,,,,
482.028376,11.78123525,355.4980179,134.1094165,122.3782857,45.00015411,,,,,,
483.0267102,11.78940294,354.7383788,133.461636,122.0811245,45.00013485,,,,,,
484.0250444,11.79759053,354.1225761,132.675851,121.7839634,45.0001156,,,,,,
485.0233785,11.80579813,353.6751598,131.7833882,121.4868023,45.00009634,,,,,,
486.0217127,11.81402582,353.413967,130.8198274,121.1896412,45.00007709,,,,,,
487.0200469,11.82227372,353.3494106,129.8235826,120.89248,45.00005783,,,,,,
488.018381,11.83054192,353.4840644,128.8343711,120.5953189,45.00003858,,,,,,
489.018381,11.83884436,353.955862,127.9526642,120.2976619,45.00001929,,,,,,
490.018381,11.84716737,354.4276596,127.0709573,120.000005,45,,,,,,
491.018381,11.8554905,354.8994571,126.1892504,120.2942386,42.18494258,,,,,,
492.018381,11.86379329,355.3712547,125.3075435,120.5884723,39.36988515,,,,,,
493.018381,11.87207586,355.8430523,124.4258366,120.882706,36.55482773,,,,,,
494.0205037,11.8803558,356.1514131,123.472336,121.1775642,33.73379492,,,,,,
495.0188379,11.88858443,356.4596687,122.5227837,121.4713077,30.92342691,,,,,,
496.017172,11.89679319,356.5731327,121.5309183,121.7650512,28.1130589,,,,,,
497.0155062,11.90498217,356.4872818,120.5362823,122.0587948,25.3026909,,,,,,
498.0138404,11.91315146,356.2055385,119.5785288,122.3525383,22.49232289,,,,,,
499.0121745,11.92130117,355.7391351,118.6958403,122.6462818,19.68195488,,,,,,
500.0105087,11.92943138,355.1066656,117.9234069,122.9400253,16.87158688,,,,,,
501.0088429,11.93754219,354.3333445,117.292023,123.2337689,14.06121887,,,,,,
502.007177,11.94563369,353.4500017,116.8268599,123.5275124,11.25085086,,,,,,
503.0055112,11.95370596,352.4918534,116.5464623,123.8212559,8.440482855,,,,,,
504.0038454,11.96175912,351.4970978,116.4620086,124.1149994,5.630114848,,,,,,
505.0038454,11.96980662,350.5422912,116.7592366,124.4092331,2.815057424,,,,,,
506.0038454,11.97783512,349.5874847,117.0564646,124.7034668,360,,,,,,
507.0038454,11.98584527,348.6326782,117.3536925,124.9796111,360,,,,,,
508.0038454,11.99383775,347.6778716,117.6509205,125.2557555,360,,,,,,
509.0038454,12.00181262,346.7230651,117.9481485,125.5318999,360,,,,,,
510.0038454,12.00976997,345.7682585,118.2453764,125.8080443,360,,,,,,
511.0038454,12.01770987,344.813452,118.5426044,126.0841887,360,,,,,,
512.0038454,12.02563241,343.8586454,118.8398324,126.3603331,360,,,,,,
513.0038454,12.03353764,342.9038389,119.1370603,126.6364775,360,,,,,,
514.0038454,12.04142566,341.9490324,119.4342883,126.9126218,360,,,,,,
515.0038454,12.04929654,340.9942258,119.7315163,127.1887662,360,,,,,,
516.0038454,12.05715034,340.0394193,120.0287442,127.4649106,360,,,,,,
517.0038454,12.06498715,339.0846127,120.3259722,127.741055,360,,,,,,
518.0038454,12.07280703,338.1298062,120.6232002,128.0171994,360,,,,,,
519.0038454,12.08061007,337.1749996,120.9204281,128.2933438,360,,,,,,
520.0038454,12.08839632,336.2201931,121.2176561,128.5694882,360,,,,,,
521.0038454,12.09616588,335.2653865,121.5148841,128.8456325,360,,,,,,
522.0038454,12.10391879,334.31058,121.812112,129.1217769,360,,,,,,
523.0038454,12.11165515,333.3557735,122.10934,129.3979213,360,,,,,,
524.0038454,12.11937501,332.4009669,122.406568,129.6740657,360,,,,,,
525.0038454,12.12707845,331.4461604,122.7037959,129.9502101,360,,,,,,
526.0038454,12.13476554,330.4913538,123.0010239,130.2263545,360,,,,,,
527.0038454,12.14243634,329.5365473,123.2982519,130.5024989,360,,,,,,
528.0038454,12.15009093,328.5817407,123.5954798,130.7786432,360,,,,,,
529.0038454,12.15772937,327.6269342,123.8927078,131.0547876,360,,,,,,
530.0038454,12.16535174,326.6721277,124.1899358,131.330932,360,,,,,,
531.0038454,12.1729581,325.7173211,124.4871637,131.6070764,360,,,,,,
532.0038454,12.18054851,324.7625146,124.7843917,131.8832208,360,,,,,,
533.0038454,12.18812304,323.807708,125.0816197,132.1593652,360,,,,,,
534.0038454,12.19568177,322.8529015,125.3788476,132.4355096,360,,,,,,
535.0327907,12.20344285,321.8418527,125.5699205,132.719647,360,,,,,,
536.0311248,12.21095717,321.0107507,126.1230394,132.9953314,360,,,,,,
537.029459,12.21845594,320.3061032,126.8302473,133.2710158,360,,,,,,
538.0277932,12.22593921,319.7560022,127.6633499,133.5467001,360,,,,,,
539.0261273,12.23340704,319.3823785,128.5891342,133.8223845,360,,,,,,
540.0244615,12.24085951,319.2001274,129.5706919,134.0980689,360,,,,,,
541.0227957,12.24829667,319.2165146,130.5688916,134.3737533,360,,,,,,
542.0211298,12.25571859,319.4308868,131.5439381,134.6494376,360,,,,,,
543.019464,12.26312533,319.8346977,132.4569594,134.925122,360,,,,,,
544.019464,12.27052927,320.5252,133.1802896,135.2012664,360,,,,,,
545.019464,12.2779181,321.2157023,133.9036198,135.4774108,360,,,,,,
546.019464,12.28529189,321.9062046,134.62695,135.7535552,360,,,,,,
547.019464,12.2926507,322.5967069,135.3502802,136.0296996,4.11E-27,,,,,,
548.019464,12.29999515,323.2872092,136.0736104,136.2845609,4.01E-27,,,,,,
549.019464,12.30732589,323.9777115,136.7969405,136.5394222,3.91E-27,,,,,,
550.019464,12.31464295,324.6682138,137.5202707,136.7942836,3.81E-27,,,,,,
551.019464,12.32194639,325.3587161,138.2436009,137.0491449,3.71E-27,,,,,,
552.019464,12.32923627,326.0492184,138.9669311,137.3040062,3.61E-27,,,,,,
553.019464,12.33651262,326.7397207,139.6902613,137.5588675,3.51E-27,,,,,,
554.019464,12.34377551,327.430223,140.4135915,137.8137289,3.41E-27,,,,,,
555.019464,12.35102498,328.1207253,141.1369217,138.0685902,3.31E-27,,,,,,
556.019464,12.35826108,328.8112276,141.8602519,138.3234515,3.21E-27,,,,,,
557.019464,12.36548386,329.5017299,142.5835821,138.5783129,3.11E-27,,,,,,
558.019464,12.37269336,330.1922322,143.3069123,138.8331742,3.01E-27,,,,,,
559.019464,12.37988965,330.8827345,144.0302425,139.0880355,2.91E-27,,,,,,
560.019464,12.38707276,331.5732368,144.7535727,139.3428969,2.81E-27,,,,,,
561.019464,12.39424274,332.2637391,145.4769029,139.5977582,2.71E-27,,,,,,
562.019464,12.40139965,332.9542414,146.2002331,139.8526195,2.61E-27,,,,,,
563.019464,12.40854352,333.6447437,146.9235633,140.1074808,2.51E-27,,,,,,
564.019464,12.41567441,334.335246,147.6468935,140.3623422,2.41E-27,,,,,,
565.019464,12.42279237,335.0257483,148.3702237,140.6172035,2.31E-27,,,,,,
566.019464,12.42989744,335.7162506,149.0935538,140.8720648,2.20E-27,,,,,,
567.019464,12.43698966,336.4067529,149.816884,141.1269262,2.10E-27,,,,,,
568.019464,12.44406909,337.0972553,150.5402142,141.3817875,2.00E-27,,,,,,
569.019464,12.45113576,337.7877576,151.2635444,141.6366488,1.90E-27,,,,,,
570.019464,12.45818974,338.4782599,151.9868746,141.8915101,1.80E-27,,,,,,
571.019464,12.46523105,339.1687622,152.7102048,142.1463715,1.70E-27,,,,,,
572.019464,12.47225975,339.8592645,153.433535,142.4012328,1.60E-27,,,,,,
573.019464,12.47927589,340.5497668,154.1568652,142.6560941,1.50E-27,,,,,,
574.019464,12.48627949,341.2402691,154.8801954,142.9109555,1.40E-27,,,,,,
575.019464,12.49327062,341.9307714,155.6035256,143.1658168,1.30E-27,,,,,,
576.0210474,12.50026036,342.4950037,156.4310588,143.4210817,1.20E-27,,,,,,
577.0193816,12.50721505,343.0503904,157.2606471,143.6755184,1.10E-27,,,,,,
578.0177157,12.51415744,343.4298926,158.1840371,143.9299552,1.00E-27,,,,,,
579.0160499,12.52108756,343.6183807,159.1644163,144.184392,9.02E-28,,,,,,
580.0143841,12.52800547,343.6083403,160.1627,144.4388288,8.02E-28,,,,,,
581.0127182,12.5349112,343.4001717,161.1390897,144.6932655,7.02E-28,,,,,,
582.0110524,12.5418048,343.0021739,162.05466,144.9477023,6.02E-28,,,,,,
583.0110524,12.54869778,342.2389823,162.7008323,145.2025636,5.01E-28,,,,,,
584.0110524,12.55557867,341.4757908,163.3470046,145.457425,4.01E-28,,,,,,
585.0110524,12.56244752,340.7125992,163.9931768,145.7122863,3.01E-28,,,,,,
586.0110524,12.56930436,339.9494076,164.6393491,145.9671476,2.01E-28,,,,,,
587.0110524,12.57614924,339.1862161,165.2855214,146.222009,1.00E-28,,,,,,
588.0110524,12.5829822,338.4230245,165.9316937,146.4768703,5.85E-42,,,,,,
589.0110524,12.58980366,337.6598329,166.577866,146.7154004,5.69E-42,,,,,,
590.0110524,12.59661404,336.8966413,167.2240383,146.9539306,5.54E-42,,,,,,
591.0110524,12.60341338,336.1334498,167.8702106,147.1924607,5.38E-42,,,,,,
592.0110524,12.61020171,335.3702582,168.5163828,147.4309908,5.22E-42,,,,,,
593.0110524,12.61697906,334.6070666,169.1625551,147.669521,5.07E-42,,,,,,
594.0110524,12.62374547,333.843875,169.8087274,147.9080511,4.91E-42,,,,,,
595.0110524,12.63050098,333.0806835,170.4548997,148.1465812,4.75E-42,,,,,,
596.0110524,12.63724562,332.3174919,171.101072,148.3851114,4.60E-42,,,,,,
597.0110524,12.64397943,331.5543003,171.7472443,148.6236415,4.44E-42,,,,,,
598.0110524,12.65070244,330.7911088,172.3934166,148.8621716,4.28E-42,,,,,,
599.0110524,12.65741469,330.0279172,173.0395889,149.1007018,4.13E-42,,,,,,
600.0110524,12.6641162,329.2647256,173.6857611,149.3392319,3.97E-42,,,,,,
601.0110524,12.67080702,328.501534,174.3319334,149.577762,3.81E-42,,,,,,
602.0110524,12.67748718,327.7383425,174.9781057,149.8162922,3.65E-42,,,,,,
603.0110524,12.68415671,326.9751509,175.624278,150.0548223,3.50E-42,,,,,,
604.0110524,12.69081565,326.2119593,176.2704503,150.2933524,3.34E-42,,,,,,
605.0110524,12.69746403,325.4487677,176.9166226,150.5318826,3.18E-42,,,,,,
606.0110524,12.70410188,324.6855762,177.5627949,150.7704127,3.03E-42,,,,,,
607.0110524,12.71072924,323.9223846,178.2089671,151.0089428,2.87E-42,,,,,,
608.0110524,12.71734614,323.159193,178.8551394,151.247473,2.71E-42,,,,,,
609.0110524,12.72395261,322.3960015,179.5013117,151.4860031,2.56E-42,,,,,,
610.0110524,12.73054869,321.6328099,180.147484,151.7245332,2.40E-42,,,,,,
611.0110524,12.7371344,320.8696183,180.7936563,151.9630634,2.24E-42,,,,,,
612.0449094,12.74393223,320.3311234,181.6762,152.2096694,2.08E-42,,,,,,
613.0432435,12.75048604,319.679835,182.4328338,152.4478022,1.92E-42,,,,,,
614.0415777,12.75702963,319.191849,183.3037762,152.685935,1.77E-42,,,,,,
615.0399119,12.76356302,318.8866198,184.2543057,152.9240678,1.61E-42,,,,,,
616.038246,12.77008624,318.7763159,185.2465275,153.1622006,1.45E-42,,,,,,
617.0365802,12.77659932,318.8653348,186.2408849,153.4003333,1.30E-42,,,,,,
618.0349144,12.78310231,319.1501275,187.1977361,153.6384661,1.14E-42,,,,,,
619.0332485,12.78959522,319.6193404,188.0789344,153.8765989,9.84E-43,,,,,,
620.3021987,12.79783366,319.3783362,189.3247882,154.1792818,7.85E-43,,,,,,
621.3020946,12.80431393,319.861891,190.1999833,154.4177871,6.28E-43,,,,,,
622.3019904,12.8107842,320.3010998,191.0982524,154.6562923,4.71E-43,,,,,,
623.3018863,12.81724449,320.6948651,192.0173501,154.8947976,3.14E-43,,,,,,
624.3017821,12.82369485,321.0422025,192.9549792,155.1333029,1.57E-43,,,,,,
625.3016779,12.83013529,321.3422439,193.9087962,155.3718082,360,,,,,,
626.3015738,12.83656608,321.5942393,194.876417,155.5999683,360,,,,,,
627.3014696,12.84298744,321.7975589,195.855423,155.8281285,360,,,,,,
628.3013654,12.8493994,321.9516945,196.8433673,156.0562886,360,,,,,,
629.3012613,12.855802,322.0562609,197.8377805,156.2844487,360,,,,,,
630.3011571,12.86219525,322.1109966,198.836177,156.5126088,360,,,,,,
631.301053,12.86857919,322.1157649,199.8360615,156.740769,360,,,,,,
632.3009488,12.87495385,322.0705538,200.8349347,156.9689291,360,,,,,,
633.3008446,12.88131925,321.9754764,201.8302999,157.1970892,360,,,,,,
634.3007405,12.88767541,321.8307703,202.8196693,157.4252493,360,,,,,,
635.3006363,12.89402237,321.6367972,203.80057,157.6534095,360,,,,,,
636.3005321,12.90036016,321.3940419,204.7705502,157.8815696,360,,,,,,
637.300428,12.90668878,321.1031111,205.7271854,158.1097297,360,,,,,,
638.3003238,12.91300829,320.7647321,206.6680846,158.3378898,360,,,,,,
639.3002196,12.91931869,320.3797507,207.5908961,158.56605,360,,,,,,
640.3001155,12.92562002,319.949129,208.4933132,158.7942101,360,,,,,,
641.3000113,12.9319123,319.4739434,209.3730804,159.0223702,360,,,,,,
642.2999072,12.93819556,318.9553817,210.2279988,159.2505303,360,,,,,,
643.299803,12.94446983,318.3947399,211.0559314,159.4786905,360,,,,,,
644.2996988,12.95073512,317.7934193,211.8548089,159.7068506,360,,,,,,
645.2995947,12.95699148,317.1529231,212.6226346,159.9350107,360,,,,,,
646.2994905,12.96323891,316.474852,213.3574892,160.1631708,2.08E-61,,,,,,
647.2993863,12.96949145,315.7609009,214.0575359,159.6734174,2.05E-61,,,,,,
648.2992822,12.9757632,315.0128542,214.7210252,159.1836639,2.03E-61,,,,,,
649.299178,12.98205427,314.2325818,215.3462985,158.6939104,2.00E-61,,,,,,
650.2990738,12.98836479,313.422034,215.9317929,158.2041569,1.98E-61,,,,,,
651.2989697,12.99469488,312.5832365,216.4760452,157.7144034,1.95E-61,,,,,,
652.2988655,13.00104465,311.7182861,216.9776949,157.2246499,1.93E-61,,,,,,
653.2987614,13.00741424,310.8293445,217.4354881,156.7348965,1.90E-61,,,,,,
654.2986572,13.01380376,309.9186338,217.8482807,156.245143,1.88E-61,,,,,,
655.298553,13.02021333,308.9884303,218.2150408,155.7553895,1.85E-61,,,,,,
656.298553,13.02664377,308.028491,218.4952489,155.265585,1.82E-61,,,,,,
657.298553,13.03309452,307.0685517,218.775457,154.7757805,1.80E-61,,,,,,
658.298553,13.03956572,306.1086124,219.0556651,154.285976,1.77E-61,,,,,,
659.298553,13.04605749,305.1486731,219.3358731,153.7961715,1.75E-61,,,,,,
660.298553,13.05256998,304.1887338,219.6160812,153.306367,1.72E-61,,,,,,
661.298553,13.0591033,303.2287945,219.8962893,152.8165625,1.70E-61,,,,,,
662.298553,13.0656576,302.2688552,220.1764973,152.326758,1.67E-61,,,,,,
663.298553,13.072233,301.308916,220.4567054,151.8369535,1.65E-61,,,,,,
664.298553,13.07882966,300.3489767,220.7369135,151.347149,1.62E-61,,,,,,
665.298553,13.08544769,299.3890374,221.0171216,150.8573445,1.60E-61,,,,,,
666.298553,13.09208725,298.4290981,221.2973296,150.3675399,1.57E-61,,,,,,
667.298553,13.09874847,297.4691588,221.5775377,149.8777354,1.55E-61,,,,,,
668.298553,13.10543149,296.5092195,221.8577458,149.3879309,1.52E-61,,,,,,
669.298553,13.11213647,295.5492802,222.1379538,148.8981264,1.50E-61,,,,,,
670.298553,13.11886353,294.5893409,222.4181619,148.4083219,1.47E-61,,,,,,
671.298553,13.12561284,293.6294017,222.69837,147.9185174,1.44E-61,,,,,,
672.298553,13.13238453,292.6694624,222.978578,147.4287129,1.42E-61,,,,,,
673.298553,13.13917875,291.7095231,223.2587861,146.9389084,1.39E-61,,,,,,
674.298553,13.14599566,290.7495838,223.5389942,146.4491039,1.37E-61,,,,,,
675.298553,13.15283541,289.7896445,223.8192023,145.9592994,1.34E-61,,,,,,
676.298553,13.15969815,288.8297052,224.0994103,145.4694949,1.32E-61,,,,,,
677.298553,13.16658404,287.8697659,224.3796184,144.9796904,1.29E-61,,,,,,
678.298553,13.17349323,286.9098266,224.6598265,144.4898859,1.27E-61,,,,,,
679.298553,13.18042588,285.9498873,224.9400345,144.0000814,1.24E-61,,,,,,
680.298553,13.18738215,284.9899481,225.2202426,143.5102769,1.22E-61,,,,,,
681.298553,13.1943622,284.0300088,225.5004507,143.0204724,1.19E-61,,,,,,
682.298553,13.2013662,283.0700695,225.7806588,142.5306679,1.17E-61,,,,,,
683.298553,13.20839431,282.1101302,226.0608668,142.0408634,1.14E-61,,,,,,
684.298553,13.2154467,281.1501909,226.3410749,141.5510589,1.12E-61,,,,,,
685.298553,13.22252353,280.1902516,226.621283,141.0612544,1.09E-61,,,,,,
686.298553,13.22962498,279.2303123,226.901491,140.5714499,1.06E-61,,,,,,
687.298553,13.23675122,278.270373,227.1816991,140.0816454,1.04E-61,,,,,,
688.298553,13.24390241,277.3104338,227.4619072,139.5918409,1.01E-61,,,,,,
689.298553,13.25107874,276.3504945,227.7421152,139.1020364,9.89E-62,,,,,,
690.298553,13.25828039,275.3905552,228.0223233,138.6122319,9.63E-62,,,,,,
691.298553,13.26550753,274.4306159,228.3025314,138.1224274,9.38E-62,,,,,,
692.298553,13.27276034,273.4706766,228.5827395,137.6326229,9.12E-62,,,,,,
693.298553,13.28003901,272.5107373,228.8629475,137.1428184,8.87E-62,,,,,,
694.298553,13.28734373,271.550798,229.1431556,136.6530139,8.62E-62,,,,,,
695.298553,13.29467467,270.5908587,229.4233637,136.1632093,8.36E-62,,,,,,
696.298553,13.30203203,269.6309194,229.7035717,135.6734048,8.11E-62,,,,,,
697.298553,13.309416,268.6709802,229.9837798,135.1836003,7.86E-62,,,,,,
698.298553,13.31682677,267.7110409,230.2639879,134.6937958,7.60E-62,,,,,,
699.298553,13.32426454,266.7511016,230.544196,134.2039913,7.35E-62,,,,,,
700.298553,13.33172951,265.7911623,230.824404,133.7141868,7.10E-62,,,,,,
701.298553,13.33922187,264.831223,231.1046121,133.2243823,6.84E-62,,,,,,
702.298553,13.34674183,263.8712837,231.3848202,132.7345778,6.59E-62,,,,,,
703.298553,13.35428959,262.9113444,231.6650282,132.2447733,6.34E-62,,,,,,
704.298553,13.36186535,261.9514051,231.9452363,131.7549688,6.08E-62,,,,,,
705.298553,13.36946933,260.9914659,232.2254444,131.2651643,5.83E-62,,,,,,
706.298553,13.37710174,260.0315266,232.5056524,130.7753598,5.58E-62,,,,,,
707.298553,13.38476279,259.0715873,232.7858605,130.2855553,5.32E-62,,,,,,
708.298553,13.39245269,258.111648,233.0660686,129.7957508,5.07E-62,,,,,,
709.298553,13.40017166,257.1517087,233.3462767,129.3059463,4.82E-62,,,,,,
710.298553,13.40791994,256.1917694,233.6264847,128.8161418,4.56E-62,,,,,,
711.298553,13.41569773,255.2318301,233.9066928,128.3263373,4.31E-62,,,,,,
712.3006725,13.42352184,254.2803025,234.2210789,127.8354947,4.05E-62,,,,,,
713.3002559,13.43135613,253.2989568,234.4111517,127.3458942,3.80E-62,,,,,,
714.2998393,13.43922061,252.3035382,234.5023037,126.8562938,3.55E-62,,,,,,
715.2994227,13.4471155,251.3039925,234.4936244,126.3666933,3.29E-62,,,,,,
716.2990061,13.45504103,250.3103069,234.3852003,125.8770929,3.04E-62,,,,,,
717.2985894,13.46299745,249.3324098,234.1781149,125.3874924,2.79E-62,,,,,,
718.2981728,13.470985,248.3800723,233.8744372,124.897892,2.53E-62,,,,,,
719.2977562,13.47900392,247.4628096,233.4772016,124.4082916,2.28E-62,,,,,,
720.2977562,13.48705783,246.6520506,232.8918215,123.918487,2.03E-62,,,,,,
721.2977562,13.49514363,245.8412916,232.3064414,123.4286825,1.77E-62,,,,,,
722.2977562,13.50326158,245.0305327,231.7210613,122.938878,1.52E-62,,,,,,
723.2977562,13.51141194,244.2197737,231.1356812,122.4490735,1.27E-62,,,,,,
724.2977562,13.51959497,243.4090147,230.5503011,121.959269,1.01E-62,,,,,,
725.2977562,13.52781092,242.5982557,229.964921,121.4694645,7.60E-63,,,,,,
726.2977562,13.53606008,241.7874967,229.3795409,120.97966,5.07E-63,,,,,,
727.2977562,13.54434269,240.9767377,228.7941608,120.4898555,2.53E-63,,,,,,
728.2977562,13.55265905,240.1659787,228.2087807,120.000051,2.64E-67,,,,,,
729.2977562,13.56099238,239.3552197,227.6234006,120.0000491,2.54E-67,,,,,,
730.2977562,13.56932571,238.5444607,227.0380205,120.0000471,2.44E-67,,,,,,
731.2977562,13.57765904,237.7337017,226.4526405,120.0000451,2.34E-67,,,,,,
732.2977562,13.58599237,236.9229427,225.8672604,120.0000432,2.23E-67,,,,,,
733.2977562,13.5943257,236.1121837,225.2818803,120.0000412,2.13E-67,,,,,,
734.2977562,13.60265903,235.3014247,224.6965002,120.0000392,2.03E-67,,,,,,
735.2977562,13.61099236,234.4906657,224.1111201,120.0000373,1.93E-67,,,,,,
736.2977562,13.61932569,233.6799067,223.52574,120.0000353,1.83E-67,,,,,,
737.2977562,13.62765903,232.8691477,222.9403599,120.0000334,1.73E-67,,,,,,
738.2977562,13.63599236,232.0583888,222.3549798,120.0000314,1.62E-67,,,,,,
739.3170257,13.64448627,231.1874154,221.8255313,120.0000294,1.52E-67,,,,,,
740.3124025,13.65278107,230.6403658,220.9939595,120.0000274,1.42E-67,,,,,,
741.3077793,13.66107588,230.3955133,220.0291682,120.0000255,1.32E-67,,,,,,
742.3031561,13.66937068,230.4798128,219.0373675,120.0000235,1.22E-67,,,,,,
743.3031561,13.67770401,231.2349792,218.3818344,120.0000216,1.12E-67,,,,,,
744.3031561,13.68603735,231.9901456,217.7263012,120.0000196,1.02E-67,,,,,,
745.3031561,13.69437068,232.745312,217.0707681,120.0000177,9.14E-68,,,,,,
746.3031561,13.70270401,233.5004784,216.4152349,120.0000157,8.12E-68,,,,,,
747.3031561,13.71103734,234.2556448,215.7597018,120.0000137,7.11E-68,,,,,,
748.3031561,13.71937067,235.0108112,215.1041686,120.0000118,6.09E-68,,,,,,
749.3031561,13.72770401,235.7659776,214.4486355,120.0000098,5.08E-68,,,,,,
750.3031561,13.73603734,236.521144,213.7931023,120.0000078,4.06E-68,,,,,,
751.3031561,13.74437067,237.2763104,213.1375692,120.0000059,3.05E-68,,,,,,
752.3031561,13.75270401,238.0314768,212.482036,120.0000039,2.03E-68,,,,,,
753.3031561,13.76103734,238.7866432,211.8265028,120.000002,1.02E-68,,,,,,
754.3031561,13.76937067,239.5418096,211.1709697,120,1.77E-82,,,,,,
755.3031561,13.77775772,240.296976,210.5154365,118.4628413,1.73E-82,,,,,,
756.3031561,13.78625431,241.0521424,209.8599034,116.9256826,1.68E-82,,,,,,
757.3031561,13.79486334,241.8073087,209.2043702,115.3885238,1.63E-82,,,,,,
758.3031561,13.80358783,242.5624751,208.5488371,113.8513651,1.59E-82,,,,,,
759.3031561,13.81243091,243.3176415,207.8933039,112.3142064,1.54E-82,,,,,,
760.3031561,13.82139585,244.0728079,207.2377708,110.7770477,1.50E-82,,,,,,
761.3031561,13.83048606,244.8279743,206.5822376,109.239889,1.45E-82,,,,,,
762.3031561,13.83970509,245.5831407,205.9267045,107.7027302,1.41E-82,,,,,,
763.3031561,13.84905664,246.3383071,205.2711713,106.1655715,1.36E-82,,,,,,
764.3031561,13.85854457,247.0934735,204.6156382,104.6284128,1.32E-82,,,,,,
765.3031561,13.86817293,247.8486399,203.960105,103.0912541,1.27E-82,,,,,,
766.3031561,13.87794594,248.6038063,203.3045719,101.5540954,1.23E-82,,,,,,
767.3031561,13.887868,249.3589727,202.6490387,100.0169367,1.18E-82,,,,,,
768.3031561,13.89794373,250.1141391,201.9935056,98.47977793,1.14E-82,,,,,,
769.3031561,13.90817797,250.8693055,201.3379724,96.94261921,1.09E-82,,,,,,
770.3031561,13.91857579,251.6244719,200.6824393,95.4054605,1.04E-82,,,,,,
771.3031561,13.9291425,252.3796383,200.0269061,93.86830178,1.00E-82,,,,,,
772.3031561,13.93988367,253.1348047,199.371373,92.33114306,9.54E-83,,,,,,
773.3031561,13.95080516,253.8899711,198.7158398,90.79398434,9.09E-83,,,,,,
774.3031561,13.96191314,254.6451375,198.0603066,89.25682562,8.63E-83,,,,,,
775.3031561,13.97321407,255.4003039,197.4047735,87.7196669,8.18E-83,,,,,,
776.3031561,13.98471479,256.1554703,196.7492403,86.18250818,7.73E-83,,,,,,
777.3547034,13.9970317,256.3994074,195.7263785,84.56611311,7.25E-83,,,,,,
778.3500802,14.00890955,256.8380726,194.8328754,83.03606099,6.80E-83,,,,,,
779.345457,14.0210083,256.9602429,193.8450245,81.50600887,6.35E-83,,,,,,
780.3408338,14.03333632,256.752469,192.8715745,79.97595675,5.90E-83,,,,,,
781.3362106,14.04590248,256.2376239,192.0196886,78.44590463,5.44E-83,,,,,,
782.3362106,14.05877625,255.3169319,191.6293987,76.90874591,4.99E-83,,,,,,
783.3362106,14.07190992,254.3962399,191.2391088,75.37158719,4.54E-83,,,,,,
784.3362106,14.0853142,253.4755478,190.8488189,73.83442847,4.08E-83,,,,,,
785.3362106,14.09900049,252.5548558,190.458529,72.29726975,3.63E-83,,,,,,
786.3362106,14.11298089,251.6341638,190.0682391,70.76011103,3.18E-83,,,,,,
787.3362106,14.12726833,250.7134718,189.6779491,69.22295231,2.72E-83,,,,,,
788.3362106,14.14187661,249.7927798,189.2876592,67.6857936,2.27E-83,,,,,,
789.3362106,14.15682044,248.8720878,188.8973693,66.14863488,1.81E-83,,,,,,
790.3362106,14.17211563,247.9513958,188.5070794,64.61147616,1.36E-83,,,,,,
791.3362106,14.18777908,247.0307038,188.1167895,63.07431744,9.07E-84,,,,,,
792.3362106,14.20382896,246.1100117,187.7264996,61.53715872,4.54E-84,,,,,,
793.3362106,14.22028484,245.1893197,187.3362097,60,360,,,,,,
794.3362106,14.23701114,244.2686277,186.9459197,59.57212199,360,,,,,,
795.3362106,14.25385802,243.3479357,186.5556298,59.14424399,360,,,,,,
796.3362106,14.27082722,242.4272437,186.1653399,58.71636598,360,,,,,,
797.3362106,14.28792053,241.5065517,185.77505,58.28848797,360,,,,,,
798.3362106,14.30513977,240.5858597,185.3847601,57.86060996,360,,,,,,
799.3362106,14.32248683,239.6651677,184.9944702,57.43273196,360,,,,,,
800.3362106,14.3399636,238.7444756,184.6041802,57.00485395,360,,,,,,
801.3362106,14.35757205,237.8237836,184.2138903,56.57697594,360,,,,,,
802.3362106,14.37531418,236.9030916,183.8236004,56.14909794,360,,,,,,
803.3362106,14.39319202,235.9823996,183.4333105,55.72121993,360,,,,,,
804.3208021,14.41092903,235.3118571,182.7123436,55.29993485,360,,,,,,
805.3161789,14.42899821,234.6286527,181.9884605,54.87403501,360,,,,,,
806.3115557,14.44720818,234.2199048,181.0808812,54.44813517,360,,,,,,
807.3069325,14.46556115,234.1306107,180.0895177,54.02223533,360,,,,,,
808.3023093,14.48405939,234.3706005,179.1235054,53.59633549,360,,,,,,
809.3023093,14.50279216,235.2335445,178.6182059,53.16845748,360,,,,,,
810.3023093,14.52167629,236.0964886,178.1129064,52.74057947,360,,,,,,
811.3023093,14.54071424,236.9594326,177.6076069,52.31270147,360,,,,,,
812.3023093,14.55990856,237.8223766,177.1023073,51.88482346,360,,,,,,
813.3023093,14.57926182,238.6853207,176.5970078,51.45694545,360,,,,,,
814.3023093,14.59877668,239.5482647,176.0917083,51.02906745,360,,,,,,
815.3023093,14.61845585,240.4112087,175.5864088,50.60118944,360,,,,,,
816.3023093,14.63830214,241.2741528,175.0811093,50.17331143,360,,,,,,
817.3023093,14.65831841,242.1370968,174.5758098,49.74543342,360,,,,,,
818.3023093,14.67850758,243.0000408,174.0705103,49.31755542,360,,,,,,
819.3023093,14.69887268,243.8629849,173.5652108,48.88967741,360,,,,,,
820.3023093,14.7194168,244.7259289,173.0599113,48.4617994,360,,,,,,
821.3023093,14.74014311,245.588873,172.5546118,48.0339214,360,,,,,,
822.3815875,14.76276471,246.0189035,171.5647051,47.38619617,360,,,,,,
823.3769643,14.78390358,246.6409216,170.7876154,46.78882409,360,,,,,,
824.3723411,14.80531408,246.9744423,169.849778,46.19145201,360,,,,,,
825.3677179,14.82700326,246.9827495,168.8544359,45.59407994,360,,,,,,
826.3630947,14.8489785,246.6649288,167.9111623,44.99670786,360,,,,,,
827.3584715,14.87124742,246.0559679,167.1237987,44.39933578,360,,,,,,
828.3584715,14.89392354,245.0708695,166.951807,43.7991891,360,,,,,,
829.3584715,14.91691251,244.0857711,166.7798153,43.19904242,360,,,,,,
830.3584715,14.94022309,243.1006727,166.6078236,42.59889574,360,,,,,,
831.3584715,14.96386441,242.1155743,166.4358318,41.99874906,360,,,,,,
832.3584715,14.98784599,241.1304759,166.2638401,41.39860239,360,,,,,,
833.3584715,15.01217776,240.1453775,166.0918484,40.79845571,360,,,,,,
834.3584715,15.0368701,239.1602791,165.9198567,40.19830903,360,,,,,,
835.3584715,15.06193387,238.1751807,165.747865,39.59816235,360,,,,,,
836.3584715,15.0873804,237.1900823,165.5758733,38.99801567,360,,,,,,
837.3584715,15.11322157,236.2049839,165.4038816,38.39786899,360,,,,,,
838.3584715,15.1394698,235.2198855,165.2318899,37.79772231,360,,,,,,
839.3584715,15.16613814,234.2347871,165.0598982,37.19757563,360,,,,,,
840.3584715,15.19324025,233.2496887,164.8879064,36.59742895,360,,,,,,
841.4348871,15.22291448,232.3975864,164.230189,35.95142171,2.00E-102,,,,,,
842.4332213,15.25089464,231.465826,163.8717289,35.40871038,1.91E-102,,,,,,
843.4315554,15.27930697,230.6238538,163.335302,34.86599905,1.82E-102,,,,,,
844.4298896,15.30816503,229.9052365,162.6422938,34.32328772,1.73E-102,,,,,,
845.4282238,15.33748302,229.3386233,161.8203324,33.78057639,1.64E-102,,,,,,
846.4265579,15.36727584,228.9466031,160.9021868,33.23786507,1.55E-102,,,,,,
847.4248921,15.39755912,228.7448046,159.9244606,32.69515374,1.46E-102,,,,,,
848.4232263,15.42834929,228.7412728,158.9261327,32.15244241,1.37E-102,,,,,,
849.4215604,15.4596636,228.9361485,157.9470032,31.60973108,1.28E-102,,,,,,
850.4198946,15.4915202,229.3216627,157.026107,31.06701975,1.18E-102,,,,,,
851.4182288,15.52393821,229.8824462,156.2001572,30.52430842,1.09E-102,,,,,,
852.4182288,15.55699333,230.7300644,155.6695507,29.98069152,1.00E-102,,,,,,
853.4182288,15.5906533,231.5776827,155.1389441,29.43707461,9.11E-103,,,,,,
854.4182288,15.62494066,232.4253009,154.6083376,28.89345771,8.20E-103,,,,,,
855.4182288,15.65987925,233.2729192,154.0777311,28.34984081,7.29E-103,,,,,,
856.4182288,15.69549428,234.1205375,153.5471246,27.8062239,6.38E-103,,,,,,
857.4182288,15.73181246,234.9681557,153.016518,27.262607,5.47E-103,,,,,,
858.4182288,15.76886213,235.815774,152.4859115,26.7189901,4.56E-103,,,,,,
859.4182288,15.80667334,236.6633922,151.955305,26.17537319,3.65E-103,,,,,,
860.4182288,15.84527806,237.5110105,151.4246985,25.63175629,2.74E-103,,,,,,
861.4182288,15.88471032,238.3586288,150.8940919,25.08813938,1.82E-103,,,,,,
862.4182288,15.92500637,239.206247,150.3634854,24.54452248,9.13E-104,,,,,,
863.4182288,15.96620489,240.0538653,149.8328789,24.00090558,1.52E-106,,,,,,
864.4182288,16.00818773,240.9014835,149.3022723,23.63760676,1.47E-106,,,,,,
865.4182288,16.05082082,241.7491018,148.7716658,23.27430795,1.43E-106,,,,,,
866.4182288,16.09412463,242.5967201,148.2410593,22.91100914,1.38E-106,,,,,,
867.4182288,16.13812059,243.4443383,147.7104528,22.54771033,1.33E-106,,,,,,
868.4182288,16.18283119,244.2919566,147.1798462,22.18441152,1.29E-106,,,,,,
869.4182288,16.22828003,245.1395748,146.6492397,21.82111271,1.24E-106,,,,,,
870.4182288,16.27449189,245.9871931,146.1186332,21.4578139,1.20E-106,,,,,,
871.4182288,16.32149285,246.8348114,145.5880267,21.09451509,1.15E-106,,,,,,
872.4559656,16.37113105,247.5660254,144.8516683,20.71750654,1.10E-106,,,,,,
873.455549,16.4198059,248.4595395,144.4035617,20.35435909,1.06E-106,,,,,,
874.4551323,16.46935698,249.3933257,144.0468963,19.99121163,1.01E-106,,,,,,
875.4547157,16.51981643,250.3580541,143.7852359,19.62806418,9.65E-107,,,,,,
876.4542991,16.57121817,251.3440852,143.6211947,19.26491672,9.19E-107,,,,,,
877.4538825,16.62359805,252.3415671,143.556412,18.90176927,8.73E-107,,,,,,
878.4534659,16.67699404,253.3405333,143.591535,18.53862181,8.27E-107,,,,,,
879.4530493,16.73144634,254.3310023,143.7262126,18.17547436,7.81E-107,,,,,,
880.4526327,16.78699757,255.3030777,143.9590994,17.8123269,7.35E-107,,,,,,
881.452216,16.84369302,256.247047,144.2878683,17.44917945,6.89E-107,,,,,,
882.4517994,16.9015808,257.1534782,144.7092344,17.08603199,6.43E-107,,,,,,
883.4513828,16.96071215,258.0133146,145.2189875,16.72288454,5.97E-107,,,,,,
884.4513828,17.02116712,258.7277579,145.918681,16.35958573,5.51E-107,,,,,,
885.4513828,17.0829797,259.4422011,146.6183744,15.99628692,5.05E-107,,,,,,
886.4513828,17.14621226,260.1566443,147.3180678,15.63298811,4.60E-107,,,,,,
887.4513828,17.21093157,260.8710875,148.0177612,15.2696893,4.14E-107,,,,,,
888.4513828,17.27720924,261.5855307,148.7174547,14.90639048,3.68E-107,,,,,,
889.4513828,17.34512215,262.299974,149.4171481,14.54309167,3.22E-107,,,,,,
890.4513828,17.41475303,263.0144172,150.1168415,14.17979286,2.76E-107,,,,,,
891.4513828,17.48619108,263.7288604,150.8165349,13.81649405,2.30E-107,,,,,,
892.4513828,17.55953258,264.4433036,151.5162284,13.45319524,1.84E-107,,,,,,
893.4513828,17.63488176,265.1577468,152.2159218,13.08989643,1.38E-107,,,,,,
894.4513828,17.71235161,265.87219,152.9156152,12.72659762,9.19E-108,,,,,,
895.4513828,17.79206497,266.5866333,153.6153086,12.36329881,4.60E-108,,,,,,
896.4513828,17.87415566,267.3010765,154.3150021,12,5.49E-121,,,,,,
897.4513828,17.95748899,268.0155197,155.0146955,12,5.26E-121,,,,,,
898.4513828,18.04082233,268.7299629,155.7143889,12,5.02E-121,,,,,,
899.4513828,18.12415566,269.4444061,156.4140823,12,4.79E-121,,,,,,
900.4513828,18.20748899,270.1588494,157.1137757,12,4.55E-121,,,,,,
901.4513828,18.29082233,270.8732926,157.8134692,12,4.32E-121,,,,,,
902.4513828,18.37415566,271.5877358,158.5131626,12,4.09E-121,,,,,,
903.4513828,18.45748899,272.302179,159.212856,12,3.85E-121,,,,,,
904.4513828,18.54082233,273.0166222,159.9125494,12,3.62E-121,,,,,,
905.4513828,18.62415566,273.7310655,160.6122429,12,3.38E-121,,,,,,
906.4513828,18.70748899,274.4455087,161.3119363,12,3.15E-121,,,,,,
907.4513828,18.79082233,275.1599519,162.0116297,12,2.91E-121,,,,,,
908.4513828,18.87415566,275.8743951,162.7113231,12,2.68E-121,,,,,,
909.4513828,18.95748899,276.5888383,163.4110166,12,2.45E-121,,,,,,
910.4513828,19.04082233,277.3032816,164.11071,12,2.21E-121,,,,,,
911.4513828,19.12415566,278.0177248,164.8104034,12,1.98E-121,,,,,,
912.4513828,19.20748899,278.732168,165.5100968,12,1.74E-121,,,,,,
913.4513828,19.29082233,279.4466112,166.2097903,12,1.51E-121,,,,,,
914.4513828,19.37415566,280.1610544,166.9094837,12,1.27E-121,,,,,,
915.4513828,19.45748899,280.8754976,167.6091771,12,1.04E-121,,,,,,
916.4513828,19.54082233,281.5899409,168.3088705,12,8.06E-122,,,,,,
917.4513828,19.62415566,282.3043841,169.0085639,12,5.72E-122,,,,,,
918.4513828,19.70748899,283.0188273,169.7082574,12,3.37E-122,,,,,,
919.4513828,19.79082233,283.7332705,170.4079508,12,1.03E-122,,,,,,
920.4513828,19.87415566,284.4477137,171.1076442,12,360,,,,,,
920.8909192,19.91078369,284.86,171.26,12,360,,,,,,
